name,age,street,city,state,zip,lng,lat
Guy Smith,69,2392 Spencer Lakes,Thomasshire,Pennsylvania,83208,-78.676708,-47.8776985
Brenda Morrison,76,54982 Dixon Landing Suite 992,Wolfefort,Texas,32992,-129.326881,-58.758002
Daniel Holder,56,52965 Pamela Crescent,Reevesview,Rhode Island,28694,80.016369,87.548329
Michael Anderson,52,50511 James Trail Apt. 475,Karenport,Ohio,82248,-154.537601,-87.6574445
Sheila Myers,65,2626 Smith Loaf,Brownhaven,South Dakota,24502,45.438424,6.638012
Wesley Miller,57,2464 Singleton Path Suite 296,East Patriciaton,South Dakota,82989,115.871234,42.022200
Preston Lewis,54,6440 Ochoa Lakes Apt. 522,Lake Leah,Arkansas,91708,-32.296898,56.3806405
Ryan Harris,20,096 Mark Drives Suite 118,Davidstad,Oregon,42421,105.905740,-24.3446505
Isaac Cruz,29,51365 Hannah Squares Apt. 309,Lake Tammy,South Dakota,79093,155.268410,-5.544880
Marc Delgado,71,1388 Hart Plaza Apt. 380,Walkerbury,Idaho,37128,111.301347,-60.225829
Kyle Hayes,21,08748 Moses Valley,Lemouth,Mississippi,90086,-27.790776,-9.3857885
Cheyenne Williams,80,691 James Common,Ronnietown,Alaska,57481,67.598859,-16.6410095
Lisa Adams,68,233 Catherine Land Apt. 427,Theresashire,New Mexico,44555,68.262445,6.252247
Michael Harris,34,4215 Elizabeth Lane Apt. 933,Lake Michael,New Jersey,13115,3.784338,-61.896495
Ms. Mary Myers,20,7762 Hernandez Forges,Leroyville,South Carolina,78411,-30.967524,-63.2640885
Mr. Brian Green,19,37378 Gutierrez Skyway,Amystad,Alabama,58819,-149.340809,-71.293329
Jerry Williams,28,785 Bowman Pass Suite 888,Nicolehaven,Wisconsin,61621,-179.164091,-32.1536715
Jonathan Lopez,47,9739 Robles Parkway,North William,Kentucky,98869,114.889638,-78.099170
Kyle Quinn,58,813 Sean Coves Apt. 583,Simpsonton,South Dakota,38693,-169.743391,-31.1289715
Kevin Lopez DVM,67,182 Phyllis Streets Apt. 391,Bullockchester,Florida,47781,18.229586,-79.2908285
Stephanie Anderson,41,124 Jay Inlet Suite 153,South Tiffanybury,Tennessee,73091,-159.445327,-63.8342335
Daniel Roberson,41,904 Zachary Ford,South Stephanie,Kansas,32255,65.385253,73.3693075
Logan Robinson,69,077 Escobar Mews Apt. 641,South Kimberlyborough,Vermont,04486,-45.325043,16.492218
Thomas Jones,47,45565 Stephanie Land,Chapmanbury,Texas,70063,41.629135,-32.721784
Sarah Fitzgerald,70,540 Adriana Extension,Port Jake,Michigan,93508,-58.145539,-7.7421845
Charles Nelson,69,26112 Brandon Isle,New Maryhaven,Utah,89606,98.496297,-38.7917555
Tracy Holmes,19,0939 Hughes Fork Suite 554,Tuckerburgh,Connecticut,26050,21.170673,-49.793336
Jessica Perry,80,10280 Jesus Radial,Brandonhaven,Tennessee,79892,147.283006,62.3112395
Sarah Reed,56,37480 Jeffrey Islands Suite 476,Herreramouth,California,14209,-119.541644,-48.780637
Tony Campos,29,38692 Paul Port,Port Brandon,Oregon,73404,-158.855826,-76.076999
Christina Garcia,61,012 Harold Knoll Suite 315,East Lindachester,North Dakota,78532,-52.954478,78.829561
Susan Lamb,74,8776 Miller Path Apt. 407,Barbaraborough,Maine,62973,67.695154,-86.116196
Luis Diaz,43,252 Ryan Knolls Apt. 007,Leside,New Mexico,36516,-169.198560,-77.580285
Benjamin Fox,28,9076 Escobar Station Suite 102,Petersburgh,Hawaii,44435,55.442911,40.0991035
Suzanne Moore,51,2698 Hernandez Drive Suite 343,Pittmanland,Iowa,67529,123.114050,-85.9626315
Samantha Kelley,52,1973 Amber Spring Apt. 056,Lake Claudiabury,Alaska,32394,-179.994388,88.3642695
Michael Rosales,73,50342 James Shoals Suite 745,New David,North Carolina,03819,-170.662575,24.420969
Monica Perry,61,021 Porter Path Suite 941,Davisland,Utah,26897,74.585901,12.0634535
Roberto Thompson,44,69055 Jackson Terrace Apt. 938,Blakechester,South Dakota,01423,156.254757,17.923211
Emily Rosario,30,297 Hannah Circle Suite 236,Marystad,Indiana,79695,29.719233,1.4304645
Marie Ferguson,37,9056 Susan Island,East Valerie,Idaho,05136,118.131598,-76.946407
Michelle Clark,67,074 James Forges Suite 531,Michaelland,Delaware,71149,-80.490147,40.0024815
Robert Pearson,25,501 Robert Ferry,Petersmouth,Texas,82695,44.192791,87.5319035
Chad Taylor,31,76479 Kemp Village Apt. 538,Davidside,South Carolina,25124,33.596133,38.927782
Bridget Coleman,40,8820 Robin Fall,Lake Robertomouth,South Carolina,44430,-42.534237,-70.306360
Austin Fox,75,76586 Nicole Plains Apt. 302,North Robertfort,West Virginia,71533,18.661788,65.932792
Stephen Sullivan,27,0120 Acosta Drives,Smithbury,Alaska,01147,-113.429588,40.612900
Mark Collins,38,4739 Derrick Centers,Jamesview,Rhode Island,13284,-4.258404,0.644994
Joel Lee,40,15999 Morton Ville Suite 409,Wendyside,Rhode Island,47318,41.359270,-86.433258
Michael Torres,66,9152 Carly Course Apt. 824,West Ricardo,Mississippi,09511,123.787704,-51.1900935
Michelle Stewart,66,234 Anthony Fields,Caldwellburgh,Montana,25039,51.314584,30.280051
Scott Gilbert,38,8443 Karen Drive Suite 643,Matthewport,Florida,95470,-168.423337,-49.003007
Robert Mullins,33,4172 Stephanie Ferry,Gonzalezmouth,Alabama,75597,-147.035339,-4.1550195
Russell Montgomery,73,4944 Michelle Views Apt. 378,West Christophermouth,Illinois,65778,134.183132,-84.317870
Maria Roberts,22,2981 Susan Ports Suite 241,Campbellburgh,Massachusetts,50504,-72.244800,45.4176445
James Harris,29,618 Mills Glens,Shepherdport,New Jersey,70928,-94.134301,-16.969115
Karen Cunningham,76,53183 Gallegos Dam Apt. 486,Kristinchester,Oklahoma,63833,83.081244,0.2245725
Mckenzie Garcia,68,7055 Rosales Causeway Suite 125,Kyleborough,Massachusetts,85375,-32.686347,72.686849
Teresa Lawson,35,07658 Nicole Plains Suite 199,Rossmouth,Oregon,70921,-125.783977,-80.035966
Matthew York,59,86566 Brian Mountains Apt. 615,Stacyport,Virginia,18298,-176.638379,-77.8904085
Kelly Williams DDS,32,27385 Carroll Fall Apt. 669,Williamsmouth,Kentucky,14915,-107.695427,-39.8477605
Brittany Martinez,60,546 Nicholas Extensions,New Rebekah,Kentucky,35919,111.930864,29.2788125
Scott Wright,26,49886 Thompson Coves,Lake Anthonyshire,Maine,98138,98.319337,89.5985705
Kristine Tucker,39,913 Miller Ford Apt. 891,Nicholashaven,Indiana,50687,166.859810,11.3222095
Joshua Lee,51,94502 Preston Rapids Suite 441,Larryburgh,Connecticut,18649,-165.929238,84.968053
Jim Young,71,655 Stephens Ferry,South Shannon,Alaska,18791,-36.324648,-6.519374
Carrie Le,62,07576 Kerr Mission,Amyshire,Montana,96000,-126.052535,-17.6323685
Maria Hendricks,79,0685 Mccall Pass Apt. 083,Lake Sandraside,Alabama,64788,171.309324,11.2566565
David Lee MD,63,49782 Maria Pine,Joannaside,Alabama,80087,146.273115,-89.3112345
David Faulkner,76,124 Lopez Gateway,East Abigail,New Jersey,36096,2.779255,10.439613
Brian James,59,691 Kathleen Square,South Garyshire,Montana,41467,-1.591919,19.122673
Timothy Davis,49,29299 Lauren Underpass,Robertsonport,Florida,62557,-114.129683,70.200870
Rachel Byrd,22,17403 Jonathan Keys,Debraside,Wisconsin,63828,-83.694564,-24.700439
Desiree Welch,47,7798 Patterson Cove,Stokesside,South Dakota,21671,110.901165,43.426410
William Singh,71,7503 Jennifer Spring Apt. 951,Jonesview,Kentucky,69543,25.982224,-76.740597
Mark Ayers DVM,30,25240 Love Vista,Coltonton,Virginia,52541,-77.296779,68.0421655
Bradley Mccall,48,79149 Hernandez Junction Suite 793,Bobbyland,Kentucky,51422,-170.699352,-58.9534715
Michael Young,40,18738 Jennifer Fort,Bakershire,Michigan,50849,132.495233,55.602068
Sean Williams,68,7350 Thornton Dam Suite 610,Katherinechester,New Mexico,09205,-105.976306,-65.040629
Pamela Bryant,49,1626 Wiggins Spring Suite 843,Port Helen,West Virginia,37301,-73.579889,55.9066755
Mr. John Gallegos Jr.,48,91964 Jill River Suite 428,South Alexis,Wisconsin,94388,160.117211,43.987751
Nathaniel Pope,48,5252 Gregory Parks,West Michael,Alaska,89958,49.787873,-7.1505285
Dale Calhoun,54,717 Robin Crossroad Suite 925,Gregoryport,Nevada,60172,-161.795909,19.6832235
Sheena Nicholson,59,28510 Lambert Parkways Apt. 285,Port Trevor,North Carolina,83388,-28.272179,-24.0063075
Michelle Ward,78,7378 Ware Park,South Travisborough,Wisconsin,19434,-81.483987,-9.1623405
Jeffrey Watts,27,94102 Green Station Apt. 025,Walkerside,Massachusetts,95895,47.247739,63.692369
Jonathan Kerr,39,656 Jennifer Common Apt. 195,North Lance,Indiana,85251,131.461395,82.363562
Carl Thomas,36,91117 Thomas Heights Apt. 106,Matthewfort,New York,15386,-55.235261,6.3659295
Michael Reynolds,76,823 Heather Crossing Suite 155,Bettyview,Tennessee,21373,148.414826,-0.3216195
Robert Griffith,47,98968 Olson Parkways Suite 970,Jonathanville,Massachusetts,44943,69.723969,-28.962761
Regina Ward,53,562 Maureen Square Apt. 383,New Dennishaven,Hawaii,63529,15.120242,-29.4179345
Travis Sanford,33,7450 Chapman Shore Suite 275,Port Erikaborough,California,66725,-48.913869,-50.2105865
Timothy Reyes,30,11699 Jones Plains Suite 207,Williamsshire,Pennsylvania,47802,-78.717994,-26.621748
Emily Dixon,51,192 Matthew Wells,East Michelleside,Colorado,79151,176.057455,-60.307238
Julie Vasquez,65,356 Elizabeth Lodge Suite 359,Garzaburgh,Texas,01125,-81.144069,-51.3993285
Jennifer Leonard,79,1752 Jackson Ridges,Cindyhaven,Washington,36713,109.736573,44.164292
Christopher Bowman,69,58012 Luis Lodge Apt. 364,New Dawnstad,South Carolina,15299,-120.832556,-3.080976
Thomas Stewart,50,15391 Francis Mews Suite 733,Michaelberg,Illinois,09666,173.918483,-16.886695
Heather Harris,69,75790 Stephens Ridge Suite 172,North Staceyborough,North Carolina,43366,5.236147,-77.6727675
Sally Strickland,77,26797 Werner Rest Suite 310,New Karamouth,New Mexico,69852,115.377489,22.4665935
Angela Lynn,74,04563 Melanie Station,North Lindsay,Alaska,27557,114.275755,-81.7749065
Pamela Brooks,36,20413 Anna Spurs Suite 018,Cartermouth,Louisiana,97256,-148.769625,-1.932471
Gregory Zimmerman,58,8249 Walker Locks Apt. 122,Jasonchester,Kentucky,86544,8.761508,-32.2340445
Cynthia Norton,28,0844 Gregory Spurs Suite 668,Scottshire,North Carolina,29589,101.093038,-58.893347
Michelle Baker,26,330 William Key Suite 207,West David,Hawaii,58484,172.814652,-71.1313165
James Trujillo,52,4597 Chapman Lodge,Heathport,Massachusetts,22136,107.030333,81.1840835
Taylor Rogers,21,2203 Cole Neck Apt. 159,Crystalton,Tennessee,26633,-25.098220,31.986925
Kathryn Thomas,75,1922 Tyler Falls,Dorothybury,Washington,27421,-153.821734,-22.017563
Amanda Lawson,45,54121 Brown Ridge,Port Kimberlyborough,Idaho,68540,-138.823034,-1.9002585
Eric Schmidt,36,447 Brad Bridge Suite 932,Owenschester,Iowa,60042,33.725888,22.285396
David Zimmerman,75,913 Thomas Plaza,Lambertbury,Louisiana,71372,12.474713,-69.410978
Stephanie Herrera,38,99951 Richard Ridges,New Briannaport,Texas,02289,-118.302283,-86.1205435
Stephanie Smith DDS,53,81337 Roberts Lights Suite 852,South Alyssamouth,Louisiana,27941,-10.270212,-43.4127665
Danielle Carroll,51,16260 Merritt Brook Apt. 911,Mooreport,California,48068,-108.374327,-77.703430
Courtney Cook,32,321 Parker Row Apt. 513,Robertborough,Delaware,69718,87.633156,78.328251
Karen Anthony,72,2427 Wright Cape Apt. 070,Jonesmouth,Ohio,88015,7.301147,21.0353055
Brandi Medina,55,6966 Kelly Village,Parsonsside,Georgia,47561,-173.499333,-5.8986545
Kristopher Mendez,29,088 Jonathan Coves Suite 280,North Courtney,Kansas,47319,151.559765,43.2334565
Nicole Smith,58,237 Sarah Cape,Fieldsbury,Alabama,62386,176.948703,67.1191025
Cody Carter,64,2610 Timothy Roads Suite 602,North Lindsaymouth,Vermont,16117,-159.609570,-80.3059995
Courtney Smith,74,2534 Nguyen Summit,Turnershire,Minnesota,72290,70.197348,-57.358835
Jeffrey Hayden,59,21523 Danielle Lakes Suite 337,Benjamintown,New Hampshire,21370,18.996225,-48.800465
Cody Salinas,31,004 Alan Pass,Lake Faithside,Maine,68422,-36.281589,19.765520
Kimberly Harrell,35,67928 Harris Fork,Nicholasfort,Hawaii,82090,-117.738055,66.2739305
Devin Hart,53,627 Victoria Park Apt. 924,New Shannon,Virginia,24183,167.834981,-12.780730
Tanya Kelly,55,4266 Rhodes Meadow Suite 065,South Kathy,Virginia,60486,-119.681305,-42.121405
David Bruce,58,631 Jones Road,Port Kevin,Massachusetts,55654,49.008409,52.052937
Timothy Bailey,55,99613 Jennifer Ridge Suite 675,South Kristen,Texas,56559,78.225307,-9.8437165
Joseph Butler,25,0550 Reed Circles Suite 695,Crystalmouth,Hawaii,86093,-179.624309,66.4903315
Daniel Lawson,74,69124 Lang Villages,North Garyton,Arkansas,48705,-67.477652,40.2558455
Heidi Rogers,39,048 Lopez Orchard Suite 905,Nelsonchester,North Carolina,44162,-11.686671,-77.7581095
Tabitha Pratt,76,717 Flynn Centers Apt. 470,South Brent,Oklahoma,18080,-127.102070,-1.9031025
Melissa Sanchez,80,215 Lindsey Manors,Michellehaven,Colorado,31288,9.911272,32.285581
Deborah Rangel,28,95867 Robin Path Apt. 105,South Megan,Rhode Island,05502,154.142099,63.8631775
Donald Mitchell,40,857 Williamson Rest Apt. 964,Darleneview,New York,18283,103.375129,85.583095
Anthony Jackson,67,6729 Barnett Knolls Suite 586,Ortizfort,Utah,78365,-173.975362,56.7283655
Christina Anthony,29,10496 Luna Mews,Lake Sherri,New York,83468,-22.696832,-37.683384
Tyler Adkins,70,433 Travis Island Apt. 885,Laurafort,Texas,74918,65.336428,83.425867
Dawn Snyder,53,92835 Smith Garden Apt. 602,Lake Kathleen,Idaho,69537,96.748680,15.6832625
Matthew Gould,44,614 Kidd Causeway Apt. 573,South Amymouth,California,48065,60.977389,79.076760
Samuel Ball,78,511 Katie Spurs,Martinport,Vermont,14002,167.898907,-8.2368325
Kristopher Martin,72,8152 Warren Ports,Lake Richardview,Delaware,81875,151.942443,-41.5379335
Evelyn Bentley,22,05409 Erin Villages,North Ronald,Wisconsin,49084,-46.571110,28.927004
Kim Frye,18,937 Jackson Mount Suite 238,Jeffreyport,California,49735,107.003171,11.5100355
Ronald Greene,50,9042 Jones Fall,West Jennifer,North Dakota,74294,80.308397,49.7681925
Morgan Ward,68,15381 Patel Cliffs,Smithstad,Mississippi,10697,19.905160,37.4678775
Gregory Ellis,43,25349 Brett Plain,Levymouth,Alaska,46985,-113.066401,45.302155
Anna Brady,25,11110 Amy Divide Suite 772,Lake Matthewstad,Arizona,47817,-86.151882,2.026225
Christine Sheppard,68,6841 Reed Path,Port Marissa,Louisiana,05687,24.317546,50.5927975
Thomas Pineda,29,847 James Via,Julieport,Connecticut,66617,31.164150,3.870054
John Williams,64,93847 Cynthia Light Apt. 762,North Justinberg,Vermont,79935,-94.295287,-29.8980455
Christy Reid,42,74348 John Mountains,West Chad,Virginia,34396,-176.416390,-20.4348945
David Thompson,78,53669 Garcia Village Suite 433,Port Sherri,New Hampshire,99451,32.436387,29.8538325
Patrick Gomez,38,71123 Barnes Streets Apt. 864,West Charles,Montana,77361,143.236636,60.741003
Matthew Schwartz,65,942 Jones Centers,Port Nancymouth,Illinois,57637,-84.728014,-30.4439745
Dr. Michael Chaney MD,34,41459 Carlson Trail,West Michaelview,New York,34506,179.121126,-83.733983
Bethany Summers,51,9708 Brianna Turnpike Suite 648,Nguyenside,New Mexico,77985,-169.147209,-85.5275445
Robin Young,54,31520 Ortiz Canyon,Port Dianefort,Wyoming,79679,114.622758,-73.039097
Kayla Conner,67,875 Todd Stravenue,Robinsontown,Alabama,61184,-86.687125,-89.3098545
Jared Franklin,35,7851 Brandon Corner,Ibarraton,New Mexico,97068,48.632183,49.445696
Timothy Kennedy,46,15415 Lisa Tunnel Suite 116,Pattersonchester,Maine,74091,94.955898,17.013608
Mark Fitzgerald,51,14497 Holly Union,Hunterview,Rhode Island,15796,-123.986268,75.451211
Scott Hoffman,80,1530 James Mountain,West Christinaland,Massachusetts,36436,-119.015189,9.8163775
Kurt Morris,26,0192 Williams Path,Pachecobury,Utah,94717,121.771734,83.859949
Daniel King,23,62892 Doris Bypass Suite 353,Lake Elizabethland,New Hampshire,95586,-25.596963,32.330434
Cathy Roberts,60,5726 Stewart Lock,South Kristyburgh,South Dakota,70279,-175.585542,-79.4849225
Pam Barry,43,76891 Ryan Station,Gutierrezton,Kentucky,19119,-55.455962,0.9803045
Erica Kaufman,27,065 Pierce Run,Wattsbury,Georgia,77976,2.000210,76.020348
Gina Morgan,75,655 Tammy Walks,West Kimberly,North Carolina,48015,-115.842642,20.9813545
Gloria Baker,64,063 Susan Shoal,East Julie,Nebraska,67119,45.684667,55.389230
Patrick Jackson,43,5995 Susan Groves,Michaelchester,Washington,18601,57.605916,-87.2821285
Peter Griffin,55,0347 Olivia Crossing Apt. 995,South Brittany,New Hampshire,62239,-157.924607,-87.692891
Joseph Lee,20,522 Jillian Run Apt. 769,Ericastad,Louisiana,06145,117.557199,-29.1331385
Tiffany Parker,44,442 Karen Camp Apt. 161,North Natashaburgh,Michigan,14876,-113.610080,-63.4690155
Jacqueline Hubbard,26,96051 Annette Glens Suite 134,Crawfordfurt,Hawaii,27310,61.254217,75.0916605
Stephanie Jones,72,29267 Ariel Mountains Suite 171,Sheltonberg,South Dakota,95774,-85.075699,63.7182555
Patty Lewis,73,0640 Chang Manor Apt. 336,South Aprilfurt,Montana,33929,2.155691,52.591357
Valerie Hess,20,164 Dean Pines Apt. 567,Kellyton,Illinois,82613,-24.677360,-22.217901
Darlene Hill,29,3599 Rebecca Pike Apt. 012,Johnfort,South Dakota,31963,-93.205335,-30.4667915
Michael Gaines,31,15604 Campbell Row,West Michael,Maryland,58766,-110.150583,-59.0189245
Randy Hoover,69,9883 Mary Avenue,South Ashley,California,62441,175.077255,-58.352973
Jamie Parrish,32,0169 Perry Meadow,Mooreville,Mississippi,91622,-153.503045,-15.6644295
John Cunningham,37,1113 Ann Lane,Lindseyshire,Nevada,35043,-52.346862,33.4480865
Tony Kelley,69,060 Nolan Valleys Apt. 734,East Tracyside,California,56863,-137.356148,-86.5810905
Christine Watson,78,36516 Jason Ramp Apt. 261,North Misty,Nebraska,14559,-85.670367,30.982853
Robert Bryant,69,743 Smith Street,Wendyborough,Iowa,82393,137.617154,-13.221483
Brian Dickerson,71,565 Billy Radial Apt. 729,Hodgeston,Texas,97531,-122.377496,-69.735890
Heather Randolph,22,9859 Ellison Hill Apt. 441,New Garyburgh,Virginia,23530,-167.824668,-27.1424495
Lee Guerrero,72,9823 Cruz Knoll Suite 921,Ryanside,Connecticut,31476,-23.534240,-73.415686
Nichole Blackwell,71,645 Welch Camp,Leonardchester,New York,73086,150.190496,52.880574
Megan Berry,61,530 Atkinson Plain Suite 042,North Garyville,Nebraska,17216,58.113749,-87.8112875
Shirley Russell,37,8721 Darrell Expressway Suite 749,Brendamouth,Massachusetts,28890,5.496200,75.563048
Elizabeth Bernard,34,87655 Andrea Valley Apt. 300,Jennaborough,Utah,96751,43.173524,85.8644735
Brenda Ross,73,762 Crystal Branch,Port Jamestown,North Carolina,37116,-142.744754,70.904430
Mary Clark,53,2696 Lydia Mountains Apt. 763,North Marieview,Montana,39599,96.920525,18.672090
Tammy Foster,58,3100 Erin Village Apt. 727,South Linda,Indiana,37120,72.005067,-29.910729
Leon Harris,35,02968 Green Viaduct,Amyhaven,Colorado,29145,69.704221,80.075497
Ronald Gordon,52,5164 Thomas Motorway,Marcusport,North Dakota,95347,155.794943,-1.5797845
Travis Dean,47,38889 Miller Extensions,Adamsfurt,Rhode Island,99932,-91.781078,70.2150075
Lori Mckenzie,43,391 Davis Ridges Suite 630,Stoutmouth,Rhode Island,22054,169.680258,50.419457
Brian Snyder,70,3829 Rebecca Trafficway Suite 932,Elizabethchester,North Carolina,30999,73.256211,-46.9036325
Clifford Ramirez,33,6177 Toni Vista,Gonzalezberg,Montana,53915,136.385527,-26.9920575
Patrick Daniels,48,80490 Foster Roads Apt. 408,Port Mark,Nevada,14911,74.871615,50.8102305
Marc Bautista,32,76155 Huynh Mountain Apt. 822,West Jonathanville,Kansas,52998,-97.111206,-23.3253965
Henry Roy,31,890 Pope Estates Suite 693,Amandaborough,Louisiana,92772,170.709119,-47.2589805
Sean Ayala,71,65629 Hernandez Centers Suite 587,Port Steven,Utah,04825,24.496216,85.3644175
Ryan White,62,3798 Michael Place,West Heatherton,Alabama,19476,33.669429,-85.0264845
Mallory Friedman,28,250 Briana Meadow,Guerraburgh,Vermont,50377,-144.502973,8.419074
Juan Dougherty,20,1562 Figueroa Fields,Victorhaven,Indiana,39515,-141.216111,-5.5144185
John Lynch,77,2706 Harris Hollow Suite 909,West Brandonmouth,Colorado,98434,-34.483688,22.081530
Charles Rush,57,507 John Spur,West Amy,West Virginia,68278,-29.442606,80.588025
Kevin Sanchez,61,8440 Jackson Rue Suite 852,Ryanton,North Dakota,99200,92.124154,-54.256351
Bradley Lawrence,65,82506 Emily Roads,Batesborough,North Dakota,88814,-122.889066,8.414164
Bryan Strong,72,702 Macdonald Prairie,Livingstonmouth,South Dakota,31973,131.762725,39.928436
Matthew Ferguson,49,30077 Candace Greens Suite 934,Vanessaborough,Hawaii,34672,70.900151,-66.1415215
Sean Kim,43,97453 Ronald Haven,Lake Staceyhaven,Michigan,44604,-117.195683,41.683933
Brian Crane,56,516 Schwartz Rue Suite 486,East James,Mississippi,36137,-80.890824,44.7016585
Sabrina Johnson MD,68,9491 Antonio Burg Apt. 430,South Ericland,Alabama,75621,95.099098,-34.616567
Gregory Graham,41,344 Nicholas Corner Apt. 752,Matthewport,Idaho,33257,97.279368,-25.728775
Gloria Roberts,43,647 Bonilla Lights Apt. 306,South Collin,South Dakota,10271,0.993520,-70.7982145
Latoya Campbell,53,008 Beth Inlet,East Desireeshire,South Carolina,19409,89.797758,11.1559945
Deborah Davenport,66,676 Randy Walk,New Lesliechester,Georgia,22943,-70.234151,-46.885206
Amber Schmidt,33,339 Hernandez Oval Suite 321,New Natashachester,Wisconsin,13690,38.928669,57.966497
Anthony Brown,52,81919 Tina Stream Apt. 524,West Emily,Indiana,47378,108.305961,-7.749149
Vanessa Wells,80,5870 Terri Brooks Suite 169,West Shelly,Georgia,11635,160.360067,76.8597975
Peggy Byrd,65,14741 Tamara Plains,South John,Oklahoma,51572,-53.950821,86.642659
David Price,30,365 Gibbs Tunnel,Richardsborough,Michigan,48692,-29.656087,24.786351
Samuel Smith,19,121 Lewis Port Suite 564,Terriport,Tennessee,32431,-2.662786,53.6832435
Zachary Mcdonald,44,029 Fleming Center Suite 326,West Josephville,Washington,08084,-82.542451,11.7634865
Sarah Wright,64,7761 Mitchell Squares,Whitechester,Ohio,25732,-26.687013,-18.145416
Joseph Norris,27,86567 Mooney Plaza Suite 025,Davidton,North Dakota,53091,10.515757,-86.392955
Robert Webb,77,0223 Samantha Place,North Brenda,Maine,76761,-169.436512,-82.5773605
April Jackson,48,69103 Wood Walk,East Joy,Pennsylvania,52880,-29.758782,39.214621
Jacob Jackson,63,617 Lopez Junction Apt. 815,West Julie,Colorado,61375,177.938747,72.156818
Samuel Black,24,5558 Mason Forest,Pottsport,Ohio,45800,-14.498688,-39.8398685
Jeffrey Walls II,56,406 Joseph Roads,Cainside,Utah,89940,-155.799242,77.281939
Jose Smith,77,41407 Kelly Forge Apt. 128,Andersonhaven,Utah,40858,155.600217,-31.3078505
Andrew Haney,33,045 Ortiz Hill Apt. 906,Davidfort,Michigan,43858,-140.070810,57.1023375
Mark Guzman,74,8175 Riley Rapids,South Aliceland,Hawaii,55091,116.415003,-85.254341
Gary Jarvis,25,8987 Johnson Hill,West Randyton,California,72665,-113.279642,52.156031
Terri Morales,76,4437 Collier Roads,North Raymondtown,Wisconsin,40454,91.906421,8.134535
Heather Morrison,79,168 Watson Ports,Gomeztown,Kansas,71796,38.132691,69.0158075
Michelle Johnson,68,93328 Michael Camp Suite 812,Davidborough,Texas,18562,23.164247,62.2598185
Erin Krueger,33,307 Vasquez Ways Suite 299,Port Christopherfort,Hawaii,98995,-153.169081,47.4559325
James Dunn,50,83575 Carey Hill Suite 971,Maryborough,Nebraska,67341,-92.320959,77.6309125
Heidi Lamb,22,8056 Loretta Street Suite 507,Seanburgh,Michigan,53781,-88.000429,-69.570168
Thomas Wheeler,49,5973 Timothy Turnpike,East Kristen,Nevada,78693,114.757715,-5.3275015
Susan Walker,68,30162 Thomas Hollow,Rachelchester,New York,18600,50.101943,35.385783
Brian Williams,77,59805 Maria Lodge,Novakchester,Pennsylvania,86741,155.271618,-56.732101
Andre King,64,95869 Lowe Street,Jonesfurt,Washington,52212,149.215614,63.997877
Rose Meza,26,97822 Jennifer Heights,Jamesfurt,New Mexico,01092,120.775596,46.954592
Dylan Reyes,22,5787 Manning Crest,New Sharonshire,Minnesota,07232,87.354120,50.1363205
Lisa Rivera,79,69862 Brad Court Apt. 893,Port David,Kentucky,35923,-12.612154,-66.9170735
Gabriella Sampson,19,923 Angela Junction,Joshuatown,Oregon,86210,117.459565,-21.9781545
Julie Rich,45,516 Mitchell Center Suite 953,West Brandistad,Nevada,32265,-152.948978,-85.398781
Adriana Elliott,70,2277 Wilson Brook,Thomastown,Mississippi,36123,-122.705594,-73.380019
Amber Wells,40,531 Billy Village,North Tonyahaven,Massachusetts,55771,-99.196597,49.512601
Christopher Lewis,27,576 Chad Forges Apt. 036,Mcculloughbury,New York,52462,-39.298236,-49.014006
Martin Reyes,45,15343 Gregory Mountains Suite 930,Nicholastown,Connecticut,35627,97.354962,37.9219545
Christopher West,77,0712 Macias Circle,Jeremymouth,Virginia,14030,-83.238971,31.0571985
Alexander Bradley,21,19859 Mike Knolls,West Theresa,Louisiana,31751,98.917954,-86.4136665
Selena Baker,34,68119 Duncan Plaza,Tiffanytown,Kentucky,99486,-139.468954,-8.8907225
Laura Little,68,8542 Julie Wall,Castrochester,Ohio,28629,-53.714604,-72.438428
Courtney Long,78,1978 Moore Way,West Kevinshire,Nevada,91461,24.020288,51.584956
Ashley Caldwell,75,586 Andrew Ville Suite 316,Ryanmouth,Massachusetts,39355,144.425442,-22.502159
Pamela Benson,26,384 Mcclure Valleys Apt. 140,Powellhaven,Utah,68442,-7.998402,-72.9986985
Lisa Dalton,76,74160 Morales Land Apt. 944,West Angela,New Mexico,13230,21.869468,-73.140199
Meredith Nguyen,57,522 Teresa Plain,East Patrickton,Missouri,62557,46.354582,-89.508369
Susan Arellano,42,4454 Christopher Mills Apt. 135,New Kaitlyn,Oklahoma,74440,142.026483,40.144433
Melody Black,78,27052 Richards Rapid,Danielstad,Rhode Island,91496,-165.514044,10.233266
David Stone,51,22941 Simon Mountain,Port Carolyn,Missouri,55168,-17.534702,-71.8208205
Bailey Robinson,79,313 Meadows Squares Suite 154,Sarahton,Ohio,99645,-68.886674,21.009305
Lori Winters,56,4103 Erica Drives Apt. 263,Kimberlymouth,West Virginia,16508,-166.382044,-33.9057055
Alyssa Walter,33,6935 Lindsay Mountain,Malloryland,Rhode Island,16457,-125.170405,-67.2244975
Dustin Joseph,70,5585 Santiago Turnpike,Port Kellyview,Florida,87264,-3.507756,-68.7704035
Desiree Green,19,86761 Hawkins Forest,Obrienfurt,North Dakota,70232,104.544213,30.2674005
Christopher Wood,63,98533 Ricky Rue,Lake Nicholas,Montana,06615,-167.241662,-4.301455
Lori York,60,763 Alice Court Suite 597,East Beverly,Iowa,52071,24.234866,22.444530
Michael Villa,29,688 Katherine Underpass,Hancockberg,Delaware,74021,72.222498,-65.0597245
John Jackson,76,4083 Tonya Brook,Rickstad,Maine,24470,-49.751100,9.045768
James Gutierrez,22,2426 Jennifer River,Alihaven,Iowa,17525,-84.093111,88.7185655
Mrs. Jessica Bell DVM,45,830 Timothy Common,Sherrifort,New Mexico,20985,-6.182737,-75.442758
Amy Anderson,22,2049 Owens Ranch Apt. 554,Johnsonmouth,Nevada,26332,-134.939414,-35.8476455
Holly Lewis,51,30538 Alexander Village Apt. 396,North Monicaborough,Alabama,88047,-69.274678,-15.1579485
Timothy Wright,34,4224 Amy Viaduct Suite 193,Lake Kevin,California,89798,-134.356987,-49.4101485
Valerie Kline,40,9551 Nicholas Lodge,New Jay,Missouri,79115,-32.041246,-61.051176
Emily Blake,52,34272 Diane Roads,Jonesfurt,Maine,39108,-12.226934,63.8638065
Danielle Herrera,71,848 Contreras Causeway Apt. 101,Port Jamesstad,New Jersey,79651,23.030620,59.5573705
Kimberly Simmons,44,4975 Krystal Mountain Suite 930,Hillville,Iowa,22108,-16.697855,-47.153459
Patrick Clark,50,491 Salazar Mountains Apt. 216,Jacksonville,Massachusetts,02979,73.561227,18.440007
Chad Wilson,58,09795 Simmons Motorway Apt. 356,Carriefort,New Mexico,82374,33.174196,-76.4149425
Kevin Holmes,28,7000 Michael Extensions,Calebville,Texas,35183,8.563547,-41.340616
Michael Johnson,20,2099 Xavier Park Apt. 326,Brandonberg,Connecticut,49719,-15.199029,65.897608
Christine Horne,42,06810 Mark Spring,Millerborough,Missouri,48254,-84.817087,-4.753502
Nicole Mason,60,1754 Pamela Hill Apt. 684,Harrisfurt,Tennessee,67664,23.971688,59.3357525
Chad Andrade,73,780 Kimberly Underpass Apt. 069,North Tammyburgh,Oklahoma,87431,136.822220,22.3840295
Sara Wilson,54,10805 Maria Crossing,Taylortown,Florida,73608,-68.478403,12.411138
Mrs. Elizabeth Chang MD,76,331 Charles Groves Apt. 414,North Rachelborough,Kansas,24564,-100.890178,2.820722
Matthew Mays,19,15544 Brown Skyway Suite 465,South Nicholeville,Louisiana,39256,148.809006,27.2300535
Jordan Clarke,20,24201 Stephen Glen Apt. 633,Timothyton,North Carolina,83891,30.975835,6.2270315
Steve Welch,50,32027 Scott Circle Apt. 438,Josephville,Wisconsin,30859,-127.271684,42.154563
Troy Kennedy,48,1283 David Highway Suite 067,New Jason,Nevada,49323,-10.310126,-29.801861
Calvin Bryant,53,783 Flores Crest,Perkinsmouth,Iowa,31240,144.737653,-79.179259
Timothy Hudson,64,4404 David Course Suite 031,East Christineburgh,Georgia,75303,-50.796621,-25.816842
Thomas Cooper,76,35267 Martin Crescent Apt. 347,Port Sandrafurt,Colorado,27905,-28.024493,77.723399
Shirley Moore,30,1666 Amanda Cliff Apt. 080,Anthonyhaven,Iowa,03539,4.672138,15.4519665
Valerie Lloyd,49,51123 Ashley Drive Suite 114,Joshuatown,Hawaii,81446,77.604821,-36.7229865
Abigail Thompson,50,358 Gardner Extensions,Lake Richard,Arizona,02516,37.477477,39.7332375
Lisa Beck,24,34497 Tanner Terrace,New Ryan,Iowa,32576,-92.752052,-13.970385
Logan Henry,54,49671 Mcclain Causeway,Judyborough,Washington,80876,158.093237,19.591807
Christina Foster,34,847 Carol Falls Suite 043,North Heatherfort,New York,11676,-1.501223,-32.5634705
Walter Hernandez,34,07180 Jane Harbor,North Julieside,Texas,13293,97.272474,30.1822015
Ruben Fisher,47,11793 White Road,West Jamesside,New Jersey,38183,9.182373,83.7094515
Kristina Martin,63,98353 Cole Cape,Dennisfort,New Jersey,02899,-19.280226,-23.2627375
Michael Shaw,52,110 Craig Ranch Apt. 761,Smallfort,Pennsylvania,56712,22.799406,59.691370
Nathaniel Smith,56,27975 Henderson Avenue,Leachbury,Louisiana,96028,-141.714568,11.023944
Ryan Green Jr.,35,78892 Dawn Station Suite 667,Deleonhaven,Wyoming,13264,-172.995324,-80.575045
Kelsey Allen,62,36194 Gonzalez Run,Michellemouth,Missouri,45310,-168.681260,14.7967545
Stephanie Hawkins,19,4585 Jasmine Village Apt. 895,Jasonmouth,Nevada,60792,103.966196,-48.779813
Mary Ho,56,338 Brock Ramp Suite 637,North Lisa,North Dakota,36048,-135.585932,89.9836745
Sheila Maxwell,70,06607 James Land,Boydburgh,Louisiana,52539,-33.838659,36.259439
Ellen Harris,26,1293 Chad Square,East Charles,Connecticut,67436,-21.095369,-26.924458
Tammy Adkins,78,456 Castillo Spurs,Holtchester,Nevada,17909,99.096885,-87.129002
Susan Eaton,69,10091 William Trail Apt. 613,West Mark,Illinois,42886,-146.402979,-70.208619
Casey Drake,43,06777 Brown Glen Apt. 834,Samanthaview,Ohio,39270,-111.283256,-31.9873425
Krystal Clark,78,18907 Stone Inlet,New Russell,Missouri,20952,-159.154537,-89.806951
Ivan Bullock,69,36079 Daniels Plaza,Cruzton,Colorado,10421,157.439995,29.9358775
Krista Walter,37,840 Amy Forest,West Ariel,Connecticut,82251,-103.474559,11.423570
Allison Henson,32,38603 Williams Neck,Maryview,New Mexico,37897,-138.338776,55.1995045
Tammy Norton,40,36687 Carey Vista Apt. 604,Melvinberg,Rhode Island,80870,-58.298259,23.9106905
John Johnson,53,518 Marks Isle Apt. 582,Watkinshaven,Vermont,02497,26.976370,76.875299
Dawn Warner,44,9120 Rowland Springs Apt. 156,Port Benjamin,Wisconsin,19755,6.783984,60.1252975
Joshua Washington,63,0118 Sullivan Walks Apt. 751,Davidtown,Arizona,96938,17.252187,12.5992765
Holly Sparks,73,8319 Stevenson Place Apt. 648,Penaberg,Rhode Island,51295,-32.964202,30.3573145
Nicholas Stokes,28,176 Miller Court Suite 628,Brentchester,Alabama,74792,53.624322,1.3690875
Lori Smith,60,5438 Scott Rest Suite 767,Espinozahaven,South Dakota,20832,-13.376017,61.984222
Jamie Cannon,52,639 Kenneth Roads,South Matthewhaven,Florida,42265,-140.144732,71.6713965
Katherine Mitchell,74,7119 Donna Views Suite 562,Port Franklin,West Virginia,97966,-10.865398,51.507799
Jeffrey Robbins,21,8194 Shaun Wells Apt. 713,New Robert,North Dakota,25092,43.413341,22.562073
Joan Morrison,57,69461 Mary Underpass,Jasonside,South Dakota,41217,52.183228,81.0804375
John Davis,79,838 Vasquez Row Apt. 809,Lindaside,Louisiana,04943,-157.290072,-65.720572
Thomas King,63,756 Boyd Flat,Port Robinmouth,Minnesota,52690,110.487489,-20.5452115
Erica Newman,42,50577 Tucker Point Apt. 494,West Kevinshire,Utah,70751,-103.816156,88.512557
Jill Hess,69,82312 Young Rapid,Stephaniebury,Iowa,94170,-95.807718,-55.1098765
Steven Ford,31,933 Caitlin Islands Apt. 245,North Jennabury,Mississippi,19212,76.294008,59.452709
Thomas Mills,26,8487 Savage Gateway,Heatherfurt,North Dakota,75755,168.065071,-6.377799
Jennifer Wright,57,27442 Russell River,South Alan,Oklahoma,46100,-25.769241,79.4617865
Robin Chavez,57,68224 Peterson Ranch Suite 958,Clarkbury,South Carolina,29194,80.128404,-41.7708355
Jeff Garcia,40,765 Cervantes Mountain Suite 405,Port Jasonside,Hawaii,84806,-68.651602,-83.013592
Ashley West,62,74420 Erica Prairie,Davidfurt,Maine,73871,-132.112189,56.471360
Kristin Buchanan,78,0121 Jeffrey Field,Kaylafort,Alabama,12523,112.189261,35.753305
Carla Bond,42,7838 Hendrix Hills Suite 712,Melodyberg,California,29046,29.412694,0.5589285
Ruben Ellis,31,30950 Smith Run Suite 238,Heathermouth,Arkansas,14389,62.102658,83.145045
Michael Reed,77,59017 Madison Trafficway Suite 566,Steventown,North Carolina,27095,-36.489551,79.842819
John Meyers,45,689 Rachael Ridge Suite 712,Jeffreyland,Washington,82534,149.484883,13.2001335
Daniel Gordon,54,798 Ross Rapids Suite 603,New Ryanview,Illinois,58003,-23.231874,52.866734
David Pruitt,40,07358 Shelton Vista Suite 345,Burnshaven,South Carolina,10137,134.133672,47.8892705
John Smith,54,52271 Christopher Grove,West Gordon,Minnesota,06323,-8.958700,7.5757725
Timothy Martinez,64,994 Matthew Knoll,New Darrellport,Utah,89645,100.736708,21.772791
Stacy Hester,40,8552 Nguyen Drives,South Tiffany,Missouri,52822,161.906465,88.8611445
Steven Williams,53,6772 Watkins Passage Apt. 779,Edwardstad,Georgia,55957,-15.303540,-57.3655745
Melissa Le,74,587 Gray Coves Suite 406,South Heather,Nevada,96742,-50.380404,-61.2512515
Theresa Wilson,70,518 Peters Villages Suite 841,Lake Cindy,Oregon,98753,-130.339202,17.673813
Joy Moreno,68,539 May Mill,Salazarville,Indiana,35415,12.504061,-26.633984
Mr. Mark Berry,21,687 Robinson Loop,Millerview,North Carolina,85901,158.768280,16.1150065
Jeffrey Patton,23,9898 Brian Mall Apt. 576,Vincentstad,Nevada,37828,166.078852,6.610208
Melissa Holmes,31,26485 Miranda Unions Apt. 723,Woodshire,California,53785,66.400664,61.562060
Andrea Marshall,27,7317 Walker Shore,Barbaramouth,Nevada,09427,-106.740527,28.292658
Ashley Reed,38,326 Harold Gardens Suite 312,Coxshire,Maine,43591,167.008662,-35.909904
Jamie Mitchell,76,965 Olsen Skyway Apt. 650,South Matthewville,Utah,19750,27.724381,-77.4308925
John Thompson,58,4542 Maria Pines,Huangchester,Washington,41218,-31.334163,69.671811
Brian Harrington DDS,19,927 Kenneth Ford,West Sarah,Michigan,81395,-115.504766,-72.3790345
Jasmine Morris,60,8119 Adam Fall Apt. 197,North Zacharytown,Maryland,23125,30.969749,32.2053925
Tyler Reed,73,288 Mcgee Islands,South Mia,Florida,32590,-50.948894,1.9660735
Steven Miller,35,89718 Nguyen Via Suite 894,West Candice,Delaware,68985,9.461161,-7.925573
Abigail Flores DDS,62,4425 Smith Forge,Edwardsmouth,North Carolina,30610,72.313000,31.505563
Julie Yang,77,56095 Justin Land,Port Tammyshire,Texas,88725,-79.388585,-64.355009
John Taylor,33,90201 Donald Curve Apt. 585,Marychester,Ohio,13761,-104.970564,-14.2659965
Christy Gonzales,27,388 Denise Burg,South Bruceberg,Nevada,36819,22.185999,-77.1950235
Michael Guzman,64,113 Monique Meadow,Johnton,Georgia,35329,179.595371,-21.5405305
Jason Johnson,54,98439 William Mission Apt. 131,New Krystalchester,Texas,02147,129.164353,-60.805648
Briana Lopez,43,9197 Flores Prairie Apt. 873,West Kevinburgh,Alabama,50055,28.856642,-29.544778
Diane Potter,47,6881 Clements Lights Suite 717,Lake Shaun,Colorado,14175,-30.220867,71.6700395
Cindy Holloway,29,195 Williams Well,Matthewside,Minnesota,41407,169.609899,-48.092038
Donald Smith,32,366 Ellison Manors,New Aaronberg,Massachusetts,76307,-147.231409,-23.203187
Christopher Butler,68,043 Joseph Coves Suite 970,Lake Shannon,New Jersey,81198,-58.806602,-43.3710875
Michael James,68,84045 Hancock Roads Suite 601,Madisonmouth,Virginia,83017,139.561619,-46.7117085
Cassandra Cuevas,41,94908 Karen Extension Suite 570,West Jenna,Utah,98737,-37.878983,70.192865
Nathan Williams,39,2089 Robert Rapids Suite 435,Kennethstad,Idaho,27873,27.967010,-6.2652805
Jocelyn Silva,70,52182 Daniel Fords,Brycestad,Maryland,83736,-43.793125,11.0318965
Michael Taylor,22,23484 Mark Spur,Nathanton,Nevada,97548,125.000643,48.731961
Megan Moore,56,08591 Patel Circles,Jasonville,Oregon,96393,-24.539238,-63.960455
Kelly Griffith,50,862 Hughes Freeway Suite 920,Williamsville,Connecticut,09673,23.709202,42.687545
Billy Clark,72,650 Brown Motorway,Steeleview,Pennsylvania,63706,158.967505,42.5340185
Sarah Parks,70,84284 Scott Plains,Meganbury,Virginia,83084,174.434879,-86.648353
Sheri Barton,72,374 Kimberly Well Apt. 776,Hardyton,South Dakota,11917,151.377935,-41.8513765
Bridget Joseph,49,6391 Ashley Haven,East Tina,New Mexico,72637,43.788866,57.138383
Jamie Blair,71,180 Dean Streets Apt. 840,Ronaldtown,Colorado,06956,-91.682686,-31.0084375
Diane Rodriguez,28,96429 Julia Hollow,Keyfort,Pennsylvania,88419,-67.726601,-47.5687805
Annette Holland,29,9394 Murphy Burgs,East Clayton,Tennessee,25605,-96.659056,78.2902385
Angela Schultz,52,81226 Smith Extensions,South Kathleenstad,Louisiana,82438,165.257679,19.842965
Jason Mays,73,336 Farley Summit,Port Danielle,Arkansas,32608,127.475626,32.2689975
Katherine Proctor,65,29162 Miller Brooks Suite 335,Mariahfort,Rhode Island,02583,28.795713,-62.265675
Heidi Barrett,25,2350 Corey Key,South Ashleefort,Ohio,08824,1.734695,-69.9777875
Linda Vasquez,71,844 Natasha Street,Jasonburgh,Oregon,31859,-75.668097,-81.920360
Natalie Fuller,49,430 Tammy Freeway Apt. 450,Kingborough,New York,42875,-43.276403,30.751798
Anthony Jackson,19,915 Colin Dale,Teresamouth,Michigan,42043,-24.754698,50.945422
Michelle Williams,26,311 Matthew Crossing,Joyceshire,Ohio,67539,-5.416938,87.6674865
Darius West,40,645 Jennifer Avenue,North Alexandra,Georgia,41714,166.701688,-18.1727755
Amanda Hawkins,26,826 Mccoy Wall Apt. 759,Leefort,New Hampshire,85575,-96.620698,38.9113655
Robert Daniel,46,05365 Wang Tunnel Apt. 117,Laurenview,Missouri,62381,10.251368,-61.6770895
Lisa Calhoun,27,80438 Martin Row Apt. 648,Lake Brianna,Montana,43665,132.532014,5.371418
Jacqueline Brown,33,414 Brandon Cape,Pittsmouth,Indiana,21447,-120.490442,-6.952402
Elijah Martin,53,191 Matthew Estate,North Ryan,North Dakota,72873,-82.987997,-61.813152
Bobby Sutton,18,66581 Joshua View Suite 954,North George,Pennsylvania,95569,104.500634,-29.0663695
James Morris,19,24300 Shaw Street,Lake Mario,Virginia,42583,32.659567,18.0468845
Joshua Jackson,62,08742 Melanie Summit,Jennifermouth,Colorado,36410,-104.718413,-36.490623
Charles Hunt,29,62066 Tami Coves Suite 666,North Troymouth,South Carolina,63524,-158.746553,1.864246
Stephanie Martin,67,13628 Kristina Roads Apt. 874,Aliciamouth,Maryland,05078,-161.891555,-14.8764185
Nathan Evans,48,40606 Crawford Rapid Suite 789,Amandaburgh,Wisconsin,88429,137.219935,-5.5595125
Timothy Maxwell,27,6876 Torres Springs,New Davidport,Oklahoma,20877,130.868706,55.5864065
Cindy Shah,37,993 Molly Shore,Terrihaven,Texas,51455,87.643481,52.6891225
Nicholas Hughes,74,906 Montoya Circle Apt. 565,Rhodesmouth,Alabama,86554,158.594080,37.5715215
Benjamin Jackson,36,8776 Kim Cliff,Brownmouth,Alaska,30611,32.673573,18.3845545
Alejandro Lopez,59,14430 Debbie Run Apt. 352,Johnsonfort,South Carolina,16912,3.873653,-1.242536
Emma Kent,44,2832 Jones Expressway Suite 475,Jenniferton,Oklahoma,27839,45.416199,-7.300240
Robert Clark,25,3842 Pierce Trail Apt. 132,West Robertbury,Hawaii,96460,-107.278427,23.686435
Thomas Rubio,47,735 Linda Forks Suite 803,Donovanbury,North Dakota,80075,57.626774,13.947525
Jennifer Brooks,49,56632 Cruz Points Apt. 311,West Markside,Minnesota,10098,163.200278,27.5406445
Shawn Richards,64,936 Johnson Ville,Port Kathleenport,New Jersey,59235,86.857659,57.0760455
Chris Collins,28,9611 Mack Squares,Stephenmouth,Maine,01160,-92.014093,-21.8078505
Casey Butler,25,66866 Buchanan Drive,East Sarashire,South Dakota,32398,95.920288,-2.907197
Jay Lowe,43,85056 Jamie Wall Suite 613,Aliciatown,Arizona,34324,82.188206,13.580721
Austin Gillespie,57,757 Davidson Roads Suite 372,Annetteshire,Washington,11829,41.099453,34.248098
Kayla Tucker,66,182 Ball Stream,New Kenneth,Pennsylvania,77689,-122.573300,-50.7912695
Joel Mata,58,399 Spencer Turnpike Apt. 074,West Lauren,Iowa,14477,68.168444,-39.9227755
Ronald Abbott,42,0768 Eric Dam,East Mitchell,New York,71769,33.980328,-67.845115
Brenda Munoz,74,976 Edward Plains Suite 165,Dyerhaven,Vermont,87378,164.805622,0.431491
Victor Christian,59,080 Griffin Turnpike Suite 462,Christineberg,Virginia,83007,-46.255285,38.9305765
Donald Jordan,73,1098 Ramirez Mill,Port George,Rhode Island,28228,165.890744,28.631516
Carrie Morales,63,378 James Estate,South Katelyn,Florida,35766,15.246809,65.690140
John Johnson,24,4462 Christina Island,West Joanfurt,Hawaii,14120,-55.542491,8.4332605
Sherry Turner,24,912 Lopez View,New Edwinhaven,Utah,10639,46.013838,88.718020
Melissa Brooks,45,868 Adam Divide,Anthonyport,North Dakota,26446,162.386243,-57.5493835
Kyle Ferrell,75,58155 Danielle Inlet Suite 265,Mannville,Connecticut,06817,-71.668697,28.628112
James Mcconnell,54,1636 Dalton Neck Apt. 109,New Danielton,Pennsylvania,86706,-62.390485,16.923215
Heather Vargas,62,037 Matthew Brooks Apt. 051,Acostaburgh,North Carolina,42551,-105.862004,22.175492
Sara Martinez,70,57791 Peter Loop Suite 101,Estradashire,New Jersey,81584,91.438197,14.113491
Miguel Bennett,29,1963 Daryl Parks,North Garyport,Louisiana,56351,174.360650,27.8751695
Katherine Christian,23,16503 Nicholas Plain Apt. 311,Odonnellborough,North Carolina,99667,170.917958,3.679775
Danny Chen,35,841 Barrett Wells Apt. 105,Mirandaport,Vermont,55743,-151.929995,64.778700
Robert Rosales,43,7220 Kelly Parkway Suite 987,Ponceport,New Hampshire,22865,87.539495,-38.545463
Timothy Woods,80,3314 Diane Stream,Tammybury,Arkansas,21489,-46.869324,60.7168255
Gregory Berry,33,732 Sierra Causeway,Morrisonchester,Nevada,33787,-1.988447,43.961986
Laurie Nicholson,59,897 Gregory Corner Suite 121,Clementschester,New Hampshire,85629,46.634311,82.849459
Amber Harris,25,1215 Alyssa Hills,Victoriaview,Pennsylvania,49867,-166.880691,-65.9283955
Crystal Reed,43,25323 Hill Creek Suite 975,North Cheryltown,Texas,06972,156.594979,13.0456455
Ralph David,37,250 Taylor Rapid,South Regina,Missouri,74266,-7.265154,15.770213
Jeanne Costa,79,0066 Shea Well,Kingstad,Kansas,29933,-11.260144,40.2586175
Rachel Mitchell,31,905 Burns Avenue,South Miranda,Ohio,34517,164.900831,-48.0371645
Lauren May,41,881 David Centers,New William,Kansas,27354,91.962722,87.0659935
Karen Hooper,66,403 Lambert Plains,North Kim,Alaska,06400,3.795667,-82.164328
Christopher Taylor,65,0855 Alexander Centers Suite 511,Walkerland,Illinois,52536,-115.632633,60.561056
Ashley Castillo,58,4241 Jennifer Green,South Matthew,Massachusetts,29378,-121.544280,-40.666398
David Munoz,74,695 Dunn Neck Apt. 003,Catherineborough,Arkansas,06066,59.144681,-75.9956415
Hailey Duffy,20,979 Tami Turnpike,Doyleshire,Wyoming,36334,145.109467,-34.404356
Jeffrey Morris,38,86734 Flores Coves Apt. 504,Williamston,North Carolina,51012,157.555690,82.6809805
Travis Young II,54,4456 Martin Mission,North Jill,Oklahoma,88096,-55.949828,70.406727
Gregory Davis,43,467 Christopher Row,New Jacqueline,Maine,05747,-36.109425,38.448735
Christopher Johnson,37,5312 Perez Island Suite 956,East Katie,Rhode Island,67382,-91.529301,35.9018595
Melissa Stewart,39,027 Edwin Spurs,Lake Christopher,Wyoming,18544,63.281526,4.569096
Donald Marshall,78,010 Emily Lock,Franklinland,Alaska,59400,-103.406519,-23.9503295
Raymond Jacobson,57,221 Davis Creek,Andrewborough,South Carolina,98136,149.201091,-41.0442005
Jason Wells,68,644 Joseph Valleys,Alexandershire,West Virginia,17704,-99.374431,37.7353425
Dr. Raymond Myers,69,73980 Jerry Cove Apt. 928,Sandershaven,New Mexico,15752,-163.211405,-17.3381995
Patrick Huerta,75,02632 Rebecca Points,North Sharon,Louisiana,83257,-153.492217,71.612155
Nicole Adams,42,9626 Best Mountain,Wigginsstad,Massachusetts,94303,-169.446866,-80.1203545
Michael Brennan,35,10141 Roman Views,Jacksonborough,Georgia,43264,12.276608,-49.409123
Sheila Reid,74,447 Miller Place,Lake Ryan,Vermont,12824,-3.055344,17.9932235
Kathryn Anthony,55,3747 Murphy Isle,Curtisshire,Texas,15100,-128.043614,62.822141
Nicholas Cole,38,634 Drew Knolls,New Ruthstad,Georgia,19047,-7.287544,-54.866653
Robert Mason,52,61179 Amanda Fall Apt. 383,West Melissa,Kentucky,51659,-59.935474,85.4811955
Emily Smith,32,690 Caleb Court,Port Nancyshire,Wisconsin,85897,-37.138925,66.147478
Megan Rodriguez,58,85755 Barbara Spurs Apt. 184,Michaelchester,Vermont,07018,108.039576,-73.368403
Laurie Taylor,59,449 Gross Point Suite 959,Morganbury,Massachusetts,91502,-0.897399,40.505097
Angela Curry,30,33556 Jennifer Mill Suite 483,West Annetteport,Minnesota,54316,-171.852369,-5.608610
Richard Cox,21,0957 Lucas Springs Suite 932,Carlsonport,Hawaii,84962,-95.538480,-46.784645
Kristy Sanchez,34,4179 Cynthia Court Apt. 952,Lake Donnamouth,Kentucky,59515,-172.527845,72.0532705
Mark Valencia,30,1010 Alexis Lodge Apt. 202,Wallacebury,North Carolina,29330,-72.035597,-9.848565
Alexandra Lane,32,317 Andrews Lights,Lake Jaredton,Florida,02240,152.494413,77.3458895
Maria Freeman,23,6735 Dana Dale,Deborahton,Alabama,28513,36.823845,-66.249331
Anna Nelson,31,72977 Moore Ways,Lake Shelby,Arizona,82555,-142.050016,60.002209
Christopher Dalton,70,5587 Jasmine Hill Apt. 283,Alyssafort,Arizona,97068,71.481907,-21.561566
Jack Moore,70,9107 Garrett Crest Apt. 374,East Johnstad,Indiana,86944,174.092717,81.718270
Anthony Lloyd,67,794 Amanda Unions Suite 836,West Tabitha,North Dakota,39032,179.769909,-54.7492635
Spencer Coleman,79,2019 Justin Alley Apt. 994,Elizabethview,South Dakota,98203,76.608375,-37.8745645
Joe Thompson,18,8190 Jackson Pine Suite 551,Beckstad,Washington,06481,18.921960,83.023796
Patricia Stone,28,501 Baker Unions Suite 583,South Judy,Connecticut,30370,13.493850,56.908294
John Harper III,71,015 Kayla Mount,Levineton,Mississippi,70015,-144.631704,-74.570936
Tracy Espinoza,28,24712 Thomas Oval Apt. 875,Lake David,Arkansas,10977,45.610709,-77.9117255
Jeremiah Marshall,60,4258 Diana Extension,Blaketon,Missouri,23722,97.266155,-64.1785865
Rebecca Blackwell,67,5975 Finley Groves,South Tracyville,Colorado,40656,166.798252,64.039357
Lindsey Sanders,39,034 Linda Meadows,Stephensfort,Maryland,04015,-154.567895,-62.677613
Amber Murphy,26,425 French Divide Apt. 161,Pricetown,South Carolina,06545,-34.518368,4.7048325
Stephen Zamora,40,84333 Rebecca Street Apt. 269,Hansenville,Minnesota,30784,-51.842346,-61.2372855
Michelle Hardy,60,542 Mooney Spring,North Evan,Delaware,03489,57.124377,77.134152
Carrie Cordova,27,2419 Karina Prairie,South Morganberg,Delaware,10016,-157.669225,18.4588585
Michelle Carpenter,74,608 Browning Trace,Davidborough,Iowa,41592,91.439470,53.6382055
Melissa Leblanc,33,2289 Heather Village,Hectorberg,Washington,73784,-89.485942,-58.1792655
Richard Moreno,50,4784 Farrell Circles,West Zoeshire,Oregon,51191,151.806829,30.691672
Monica Anderson,73,36189 Kelly Radial,Maryville,Maine,89879,131.275040,-30.689290
Kevin Anderson,26,54040 Frank River,New Toddburgh,California,97437,150.245558,9.9139425
Kathleen Taylor,36,720 Tracy Greens Suite 654,South Shelbystad,Iowa,01209,123.186417,28.7098235
Robert Harris,63,9364 Kathryn Lake Apt. 226,Barnettburgh,Maryland,69126,130.150181,60.698571
Isaac Henderson,26,9450 Jamie Stream,Gonzaleshaven,Iowa,20989,-96.312417,3.215550
Jerry Young,45,37940 Francis Field Apt. 516,South Nicholastown,Alaska,15834,-21.464742,-87.6499245
William Burns,51,038 Meghan Point,Port Jeffreymouth,Hawaii,83900,-133.544956,66.405489
Rachel Rodriguez,65,7044 Rodriguez Port Suite 495,Parkland,Washington,97677,90.299586,89.3195215
Sarah Little,71,852 Lang Oval Suite 885,Sharonfurt,Missouri,30646,-65.739544,-23.5533125
Emily Wade,57,9450 Huff View Apt. 827,West Williammouth,Ohio,82679,-84.016042,-44.751791
James Fox,71,049 Michael Alley Suite 107,Haleshire,Arkansas,31416,76.284048,31.594046
Stephanie Cole,46,1344 Holt Trail,Hubbardside,Montana,19737,4.443181,-19.4578135
Kevin Russo,33,332 Robert Walk,Webbborough,Colorado,23854,-3.248617,-11.1174915
Debra Reilly,32,2250 Greer Lakes Apt. 718,New Taramouth,Ohio,41026,-107.449385,-15.313369
Nicole Johnson,45,7369 David Street,Avilatown,Louisiana,80126,-42.367339,55.5386045
Betty Aguirre,55,861 Geoffrey Junction Apt. 565,North Lindsey,Colorado,93840,-23.298641,81.820296
Bradley May,48,17792 French Land Apt. 630,Meganville,Indiana,90127,-4.671588,12.643978
Jennifer Williams,34,159 Rice Crest,Jonesfurt,Delaware,59557,-121.243559,0.4081285
Andrea Frye,41,23361 David Viaduct,New Dennisfort,Louisiana,58823,155.032482,22.1519345
Michael Davis,72,20503 Williams Shores Suite 416,West Daniel,North Dakota,35546,-130.482967,-67.859212
Lisa Kidd,33,937 Reed Well Suite 253,Brittneytown,Missouri,96838,77.949013,40.0834545
Elizabeth Case,37,7817 Tran Camp Apt. 894,Port Adam,California,78568,-25.886603,11.060547
Alec Barton,31,193 Michele Mission Suite 143,Port Anthonytown,Utah,03465,-74.441550,31.156491
Thomas Johnson,26,85921 Townsend Run,Mitchellchester,New York,78441,59.406269,-84.8394255
Christopher Walker,51,4053 Jacob Fords,New Ericside,New York,81267,105.781517,24.006831
Steve Weiss,24,364 Hart Street,South Cassidy,Alabama,43585,54.873843,-16.789553
Mark Molina,74,577 Allen Cape,West Michaelside,Alabama,92457,-156.363568,-4.0151455
Lisa Perez,36,7868 Lopez Creek Apt. 183,South Mark,New Jersey,32013,-26.588039,-32.160986
Jessica Armstrong,80,1620 Nelson Rue,Ingramtown,Wyoming,62548,-0.026505,-48.1514755
Andrew Watts,50,72643 Hill Lock Apt. 217,South Amy,Indiana,42328,-140.539912,-23.9438445
Christopher Evans,61,086 Garcia Hill Apt. 092,West Randyview,Idaho,94579,39.541358,-5.2524465
Thomas Smith,36,64112 Aguilar Gateway,Craigfurt,North Dakota,49016,-40.373386,55.1990455
Jessica Moore,28,13987 Danny Light,Lake Jimburgh,New Mexico,39720,48.795566,58.6400635
Diana Garner,75,6716 Brown Circles Apt. 453,East Christopherville,Massachusetts,51400,147.010954,50.3550685
Abigail Watkins,35,84999 Jade Overpass Apt. 645,Ashleyfurt,Massachusetts,95505,-82.886906,-50.9468195
Erica Carpenter,53,8657 Martinez Unions Apt. 495,North Morgan,Nevada,55614,83.305018,-24.672848
Dana Bailey,28,71219 Garcia Isle,Hernandezshire,Idaho,87743,-125.001502,14.9095215
Connie Poole,36,06391 Sheena Lane,Fitzgeraldfurt,Kentucky,51657,-150.822954,58.3021745
Juan Arnold,72,8095 Paige Bridge Apt. 502,Gregoryburgh,Colorado,72271,12.042716,-88.930485
Shane Mckay,47,035 Steven Glen,New Josephborough,Wisconsin,93615,9.362053,-78.405978
Daniel Phillips,67,6370 Brittany Key,Port Justin,Kentucky,94107,37.869587,66.275860
Paul Fleming,44,6692 Jason Hill,South Rhonda,South Carolina,78081,-94.699372,50.1367325
Robert Harding,30,068 Eric Mountain Apt. 400,South Kimberlyville,Iowa,24394,54.324982,-12.9694665
Tyler Hoffman,25,5142 Philip Pines,Bradfordland,Louisiana,61134,-152.039322,18.908085
Joel Williams,80,85255 Stephanie Rue,Port Kevin,Kansas,27773,-135.535587,24.3500675
Sabrina Hinton,62,065 Bennett Mission Apt. 344,Samuelchester,Illinois,45949,-90.335597,-14.240695
Tyler Walters,67,6725 Smith Tunnel Apt. 744,Bowenburgh,Florida,64143,-42.353909,19.9975525
Tyler Sosa,76,766 Wilson Garden Apt. 522,Webbmouth,Delaware,68248,93.737251,10.8033385
Daniel Middleton,56,679 David Shoals,West Madison,Florida,54733,175.573738,-19.782574
Tony Stark,30,62860 David Overpass,Davidfurt,Colorado,77238,-92.789687,-49.269992
Julie Henderson,67,0871 Rush Skyway,Lewisbury,Oklahoma,35538,77.853653,-35.877024
Billy Lin,66,3873 Fox Fall Suite 021,Gonzalezfurt,Mississippi,99532,123.518403,-52.011715
Miranda Alvarado,59,789 Brandi Mission,South Marcoshire,New Jersey,65421,134.054282,10.431961
Brett Gordon,22,85989 Kelsey Island,Port Eric,Illinois,01611,-50.750254,-52.896639
Rodney Leon Jr.,79,635 Torres Tunnel Apt. 106,Michaelville,Georgia,72847,178.370243,18.2521135
Mark Krueger,42,61990 Rodriguez Island,Lake Williamchester,Georgia,20951,-22.316988,-30.9523395
Kimberly Winters,25,6599 Shane Island Suite 533,East Brian,Iowa,68228,-163.340683,9.631747
Sharon Walters,64,2479 Santiago Manors,Mendozaberg,Arizona,56185,-161.344643,-55.783242
Melody Robles,67,903 Tapia Plain,Joannafort,Indiana,57676,27.815384,20.661958
Sydney Mitchell,20,8999 Megan Vista Suite 190,New Lisamouth,Washington,08346,-6.511884,-11.038930
Ashley Davis,20,787 Sara Stream Apt. 787,East Miguel,Connecticut,12526,138.631578,44.708295
Brittney Bowman,78,538 Hunt Glens Suite 866,Lambertstad,Texas,06816,-10.104953,10.0666565
Kathleen Dodson,19,21110 Shaw Extensions Apt. 486,New Williamville,Virginia,95424,115.191488,55.4127165
Brandy Briggs,36,8412 Peter Brooks Suite 906,Port Christopherview,New Mexico,24956,-165.798567,-76.570315
Glen Henry,55,8912 Tracy Lane,Lisashire,Delaware,78179,25.147049,-12.8752225
Judy Smith,29,1784 Jackson Terrace,Thompsonmouth,Idaho,58332,-81.036114,-85.5735395
Elizabeth Thompson,29,57517 Williams Lights Apt. 705,North Kevin,Florida,93797,-56.099028,67.5739955
Jose Jones,33,5618 Simpson Station Apt. 306,Wilsonstad,Arkansas,59352,-165.398026,86.8960575
Jerry Torres,24,05391 Johns Knolls,Greenefurt,Oregon,72063,112.454047,-63.223911
Erika Buck,63,57655 Christy Drive Suite 448,South Stuarthaven,Georgia,22434,-100.650787,-39.2194095
Jessica Thompson,75,06958 Andrew Circle,Lake Ericfort,North Dakota,16745,147.825603,-79.9625785
Kim Mcdaniel,59,8510 Robert Port Suite 937,Johnstonbury,Michigan,45217,-12.310910,-33.3789455
Kenneth Long,49,880 Reynolds Cliffs Suite 053,Lake Rebeccabury,Maine,83756,-92.828642,-64.710515
Thomas Ward,43,66562 Christensen Heights,South Christy,Nevada,31460,-135.258326,-54.9715095
Brenda Lambert,75,7008 Rodney Station,Millsstad,Wisconsin,07857,-154.828847,-2.953574
Diamond Henry,56,52134 Phillips Lock Suite 276,Townsendfurt,Washington,03207,103.772697,-84.520878
Debbie Perry,26,76007 Jennifer Square,West Barbaraville,Iowa,40186,-18.467886,-81.759012
Melissa Sanchez,28,87336 Hunter Road Apt. 796,Rodriguezshire,Arkansas,06212,140.203028,-66.8569565
Gregory Brennan,76,2168 Edwards Well,Schultzland,Pennsylvania,12640,31.364448,13.251152
Miguel Thompson,52,52061 Parrish Route Apt. 087,New Jasonchester,Utah,35559,112.881886,3.0501915
Stephanie Morgan,58,302 Fleming Fall Apt. 674,New Blake,Alaska,82379,-22.499055,-0.8833825
Heather Freeman,76,20056 Hansen Heights Apt. 402,Rhondatown,Arkansas,14435,-42.343284,15.0447305
Jennifer Peterson,47,2425 Cynthia Causeway Suite 277,Michaelview,Idaho,62101,-95.133565,-26.414021
Caitlin Leonard,31,58475 Frank Meadow,Marymouth,New Jersey,31458,41.217370,-20.0695315
Anthony Castillo,32,655 Estes Branch,Thomasfurt,Oklahoma,36640,-83.903833,-19.7070595
Joshua Young,69,585 Jacobson Place Suite 783,Chadside,Minnesota,48349,46.348291,77.0373515
Tracy Bradford,34,9773 Manuel Glen,Erictown,Missouri,45847,129.851754,-87.265337
Jeremy Lee,53,049 Daniel Island Suite 790,Taylorberg,South Dakota,79830,-161.775386,-23.777465
Eric Schmidt,58,2443 Martin Falls,Phillipsside,Illinois,35880,-62.180380,2.9418405
Bonnie Miller,27,4678 Erin Path,Kevinview,Georgia,20099,-147.634985,51.3776525
Robert White,22,84523 Amber Union,South Michaelfort,Vermont,86313,-174.693343,-40.843154
Christina Ferguson,76,87842 Ruth Avenue,Leeborough,Rhode Island,33510,-141.378208,-11.457876
Robin Peters,63,9872 Heath Squares,Thomasview,Ohio,79485,-49.040654,-85.2560995
Andrew Franco,35,3547 Curtis Highway Apt. 395,Daughertymouth,Connecticut,38871,50.872389,45.092532
Nathan Anderson,44,6242 Laura Knolls,Teresafurt,Kansas,73516,159.121284,-17.1600345
Emily Villanueva,29,39580 Arellano Center,Phyllisbury,Oklahoma,98148,147.623464,76.255961
Elizabeth Holder,45,999 Lynch Pass,Nathanielfort,California,02898,162.090993,48.1149175
Theresa Barrera,43,0787 Joshua Mountains Suite 069,New Aarontown,Michigan,31192,-142.547897,87.2154745
Andrew Lewis,44,210 Valenzuela Flats,West Michael,West Virginia,85528,143.653803,-48.055935
Katherine Alvarado,37,81781 Stephen Lakes Apt. 885,Lake Briana,South Dakota,18972,171.395716,3.361418
Shelby Quinn,61,6192 Lee Junction,Nathanielville,Pennsylvania,84383,-2.792637,-20.374871
Morgan Baker,46,626 Jensen Flat Apt. 671,North Matthewmouth,Iowa,05500,129.122895,-55.451537
Jordan Martin,73,9900 Ramos Oval Apt. 348,Belindamouth,South Carolina,12866,-153.364467,42.7669645
Diana Ramirez MD,73,1969 Donna Ferry,Dianaview,Oklahoma,41554,-99.613272,-37.9453335
Victoria Clark,18,98930 Martinez Plaza Suite 524,Houstonview,Hawaii,23426,-86.335102,27.592465
Randall Beard,79,4153 Ana Roads Suite 498,Port Aaron,Maryland,53066,63.570499,-46.4862165
David Thomas,49,43344 Andrea Passage Suite 156,East Joelfort,Kansas,39982,68.520334,41.8306885
Mackenzie Brady,38,44299 Berry Grove Apt. 819,Deniseborough,Rhode Island,62472,39.101922,-31.376393
Daniel Yang,21,4613 Todd Square Suite 002,Tommyhaven,Missouri,99185,46.531604,45.7987425
Darrell Sullivan,78,56510 Fisher Plains,Clementsport,Washington,70705,-10.711843,-42.6570805
Brittany White,52,9825 Justin Mountain Apt. 475,Anthonyland,Wisconsin,45665,30.999984,64.7318475
Jesus Miller,73,945 Lisa Dam,Sarahton,Arkansas,48152,12.603135,57.333885
Amy Rocha,70,03413 Haynes Course Suite 893,South Austin,Nebraska,75082,119.330674,77.4255915
Mary Goodwin,35,54435 Christopher Vista,Michaeltown,Washington,14599,-116.784969,89.818623
Lisa Mora,55,37973 Tyler Drives Apt. 628,Tanyaburgh,Colorado,07356,-29.566188,-38.9379395
Alyssa Joyce,29,88782 Teresa Square Suite 049,Port Amy,Arkansas,98088,-104.898728,78.3130235
Lee Johnson,44,2353 Gill Ports Apt. 358,Burtonside,South Dakota,04806,174.830226,13.618227
Mrs. Ashley Harper,68,8658 Davis Way Suite 155,Lake Jasminemouth,Mississippi,69003,-179.909545,-69.802864
David Simpson,71,72319 Hammond Extension,Andrewmouth,Colorado,96012,29.118970,4.780151
Isaiah Wright,28,684 Lisa Creek,Thomasport,Tennessee,28694,112.576374,60.697704
Rebecca Guerra,21,136 Bowman Shores Apt. 633,New Dawn,North Dakota,46978,-95.776440,-31.164818
Brandon Carr,65,596 Nicholas Estate Suite 159,North Colleen,Nebraska,23427,-107.093044,-4.2827455
Mark Fitzgerald,23,0835 Miller Rest Suite 235,South Kennethtown,Connecticut,33095,96.373134,-66.337288
Devon Hardin,36,254 Dylan Mountains,South Devin,Tennessee,57943,108.413261,85.242935
Tony Diaz,21,69510 Fitzgerald Mission,Kathrynmouth,South Carolina,74705,72.391477,-62.078950
Linda Smith,27,1449 Christopher Overpass,Matthewton,Texas,10971,-174.408491,49.7165955
Gregory Dalton,56,44625 Burton Flat,West Devin,Arkansas,58224,-115.422114,6.2142985
Sandra Smith,18,6059 Patricia Shore Apt. 494,North Robert,Nebraska,93711,49.697849,-57.048872
Michael Faulkner,30,85836 Colin Lane Apt. 054,Lambertfort,North Carolina,44624,19.248700,-54.0934735
Mackenzie Morales,55,3770 Jennifer River Suite 577,Lake Erin,Utah,82783,123.130920,15.7350165
Jeffrey Jefferson Jr.,55,485 Thomas Tunnel,South Karenland,West Virginia,23446,-116.874935,32.1548535
Sarah Rice,18,626 Moore Orchard Suite 933,Jonesberg,South Carolina,35617,-91.086774,42.5647735
Haley Hill,59,803 Marc Viaduct,Port Tyler,Massachusetts,46335,27.438734,15.6571215
Christopher Williams,69,737 Michael Inlet Suite 525,Murphyborough,North Dakota,59893,143.753274,32.4467475
Stuart Burns,34,297 Lindsay Pass Suite 707,North Juliaside,Oklahoma,98825,-99.921746,-20.033330
Caitlin Jackson,36,92707 Arroyo Flats,East Jason,Kentucky,37589,19.352329,25.558236
Jeff Barnes,25,8405 Silva Mission Suite 954,West Kennethshire,Hawaii,79606,-53.678975,75.6620695
William Howard,62,162 Evelyn Point Apt. 365,South Amy,New Jersey,52467,-134.622864,-46.531799
Annette Spencer,46,99449 Watson Drive Suite 220,South Susanshire,Kansas,06906,-5.100077,49.5847515
Patricia Sanchez,52,9080 Bernard Lakes,North Matthewborough,Delaware,76275,-14.364881,33.8133425
Bryan Lambert,36,06574 Edwards Spur,Port Karenburgh,Ohio,67163,-169.429375,78.6644295
Daniel Owens,46,4621 Rivera Fields Suite 953,Lake Emilystad,South Carolina,34417,-39.729186,12.5673435
Jennifer Sloan,57,274 Colon Trail Suite 419,Blakeburgh,Florida,28280,132.742219,-53.1517125
Danielle Norton,71,505 Joseph Mount,Riveraburgh,Illinois,80173,-58.895904,-67.7753655
Wayne Wilson,37,27465 Bill Port,New Christopherview,West Virginia,87147,167.596336,-42.601699
Megan Warren,61,228 Rodriguez Run,West Jacquelinetown,Virginia,84474,28.171326,51.8534935
Lisa Sweeney,61,99344 Garza Highway Suite 038,Stephaniefort,Tennessee,09314,-93.156476,-68.977418
Susan Evans,68,747 Andersen Burg,Moorehaven,Massachusetts,55161,-147.654917,8.620007
Melissa Roach,44,44633 Christopher Lane,Lake Jill,Pennsylvania,98668,-52.868051,-44.5493055
Brian Olson,34,53336 White Gateway Apt. 980,Pateltown,Louisiana,26398,97.805062,21.886031
Christine Spencer,32,30243 Mora Isle Apt. 298,Port Jamie,Kentucky,59933,11.369495,-77.9232165
Victoria Scott,63,77757 Ho Creek Suite 248,North Michael,Michigan,51230,38.834229,50.458004
Rhonda Moore,46,407 Mary Falls Apt. 788,West Brianport,Oregon,61608,-9.222955,-38.4625085
Jonathan Anderson,35,59172 Key Manors,Ebonyborough,Wisconsin,40274,117.376187,86.3222265
Brandon Patton,52,38020 Clayton Lights,Paulland,Texas,52892,-67.472901,-74.3404365
Sarah Guzman MD,41,77574 David Hills Apt. 880,West Maryberg,New York,58792,160.474753,65.299839
Christine Friedman,19,5249 Bell Forest,Evanhaven,Louisiana,34025,-135.732828,78.742980
Sarah Evans,36,650 Michael Roads Suite 659,Christopherbury,Louisiana,65084,69.482488,-62.933495
Christine Carrillo,28,4540 Cherry Common,West Jessicaport,Texas,17945,-149.921722,25.8551235
Roger Johnson,35,9141 Rivas Center,Mitchellport,Wisconsin,90069,150.593334,43.400881
Theresa Bowman,44,73939 Fuller Mount,Bakerport,New York,86773,4.348232,83.9825485
Haley Smith,32,872 George Springs,South Gavin,Michigan,04861,-167.514365,62.037768
Allen Simmons,27,1348 Delacruz Turnpike Apt. 670,Turnerland,Montana,34153,-158.472771,15.059926
Benjamin Alvarez,32,1570 Silva Ports Suite 864,Kruegerside,Montana,84693,-115.485106,-30.826278
Bradley Bray,70,3919 Raymond Circles Apt. 851,Jenniferview,California,83547,-125.735327,-15.275992
David Berry,47,359 Jonathon Square,North Antonioborough,Illinois,41734,13.653299,-59.188881
Susan Raymond,70,35568 Shawn Underpass Suite 575,East Adrian,Tennessee,01256,139.569912,78.272040
Valerie Cochran,65,68431 Miller Bypass,North Kimberlymouth,Indiana,01470,16.060835,71.3546405
Kayla Vazquez,55,4932 Tammy Viaduct,Lake Jamie,Hawaii,86761,-109.596094,-71.6329695
Joanna Porter,79,3070 Rodriguez Overpass,East Rebecca,Mississippi,10658,-174.335459,47.886401
Kevin Robinson,41,455 Johnson Squares Suite 829,West Emily,Ohio,86144,-0.620644,52.7907465
Tiffany Mcneil,67,93185 Emily Union Apt. 982,West Carlborough,Florida,16866,172.567899,34.576580
Susan Patterson,51,173 Jonathan Mountains Suite 922,Ramosmouth,Connecticut,28491,-177.960192,82.793906
Stacey White,67,0795 Ford Tunnel Apt. 123,Zimmermanbury,South Dakota,96382,-132.065550,-6.482455
Tiffany Lee,33,065 Joshua Parkway Apt. 820,North Allison,Vermont,73262,23.122951,-82.4712225
Todd Hendrix,18,3864 Tammy Prairie Apt. 347,Janetport,Pennsylvania,58483,-148.517601,-77.162980
Michael Hayden,31,4082 Adam Course Suite 142,South Colleenstad,Alabama,46909,-118.328701,80.606998
Robert Snyder,33,825 Wayne Spring Apt. 845,Hunterport,Delaware,74674,90.875712,-78.6754105
Linda Case,64,14136 Elizabeth Via Suite 503,Port Erinside,Arkansas,44582,-51.359460,-41.067844
Mary Mercado,51,522 Michael Coves Suite 299,Port Candacestad,Maine,32506,-75.547612,-36.511778
Melissa Martinez,20,6954 Rodgers Ways,North Amandachester,Indiana,58734,-79.393572,-80.174840
Elizabeth Rocha,52,83792 Hunt Crescent,Andreafurt,Wyoming,80581,139.460611,-1.973778
Stephen Mccormick,80,572 Collins Villages,Jasmineshire,Montana,59608,23.929218,-9.4178305
Kevin Potter,46,148 Belinda Viaduct,Matthewsstad,Maryland,03127,87.760931,24.1443835
Marie Young,66,929 White Prairie,Port Joefort,Colorado,78200,148.820189,-16.862409
Misty Perkins,29,29986 Schultz Plain Suite 348,Stoneberg,Alabama,66529,62.207232,4.215363
Victor Stokes,39,6446 Allen Locks Suite 140,South Betty,Kentucky,03499,-30.137359,-64.6086995
Michael Hamilton,33,99988 Watkins Neck Apt. 841,New Daniel,Hawaii,66912,171.096062,72.348040
Rebecca Rowe,79,2289 Jessica Greens,Rogershire,South Dakota,84731,33.280118,44.1651465
Cody Taylor,72,2844 Michael Tunnel,Jamieside,Pennsylvania,30360,-83.989736,66.0288475
Cynthia Harris,59,478 Brown Mount,Stoneton,Arizona,19412,144.829571,-52.9999455
Scott Patterson,76,13370 Matthew Bypass Apt. 796,Port Carrieshire,Michigan,47279,-89.165227,77.8482725
George Brown,62,8362 Kyle Light,Lake Josefort,Connecticut,72165,-146.889332,67.8041535
Brandi Rosales,49,0794 Nelson Lights,South Zachary,Colorado,35066,-114.453057,-53.0739695
Heather Barber,56,1588 Kevin Views,Jamesborough,Maryland,43579,-164.960419,-16.1858305
Heather Alvarez,58,405 Grace Club Apt. 328,West Kathryn,Texas,29155,57.735382,4.9753395
Larry Jones,27,1344 Vasquez Mountain,Courtneyton,Alaska,29839,93.192020,-88.741122
Sylvia Morales,59,4174 Morales Spring,South Rebecca,New Hampshire,22960,-23.018776,71.3999465
James Anderson,24,517 Susan Falls,Castillostad,Texas,39022,105.698337,63.486721
Peter Day,51,361 Travis Falls,West Tammy,New York,96385,-150.261785,57.963828
Tamara Contreras,70,588 Phillips Spurs,Torresville,Illinois,11431,146.347640,-83.334752
Jennifer Scott,40,330 Joshua Views Apt. 022,Weekstown,Florida,69644,-138.675331,-20.431745
Valerie Daniels,29,363 Bush Greens,East Kevinberg,Rhode Island,85820,-147.559735,55.809007
Kimberly Ortega,53,5997 Watson Corner,East Garyton,Montana,98443,-8.340034,-58.778887
Adam Wolfe,53,2344 Diane River,Dodsonton,Minnesota,83055,6.444414,32.6716035
Lori Turner,55,3581 Alexis Plains Apt. 666,New Jonathan,Utah,26236,89.754129,69.714587
Charles Davis,55,8449 Sharon Manors Suite 843,New Ryanland,Delaware,82785,27.493373,20.639482
Lori Frazier DVM,18,64436 Duarte Well,Johnmouth,North Carolina,65000,-131.240867,-32.7671575
Christina Hoffman,77,9770 Brianna Coves Apt. 937,Kennedytown,Arizona,65152,-162.472122,32.711468
Edward Schmidt,41,2798 Williams Cliff,Lake Fernandoview,Kentucky,81224,-26.660922,-30.130338
David Mason,44,79524 Timothy Glen Apt. 222,North Biancaburgh,Michigan,03702,93.890708,37.9765005
Bonnie Perkins,58,463 Cassidy Lake Suite 222,Port Billyview,New York,97870,-161.160753,4.657657
April Gomez,41,215 Wallace Union,Port Andrewstad,Ohio,60374,-122.905182,-65.5973275
Diane Webb,56,1181 John Row,Michellestad,Pennsylvania,91038,106.247464,85.7981375
Shane Dickerson,48,1654 Thompson Expressway,Port Gabrielmouth,Missouri,51189,-176.399950,-28.1904905
Amber Davis,35,124 Barnes Vista,West Paula,Delaware,52879,149.949326,2.866490
Isaiah Burgess,27,827 Arnold Dam Suite 879,Port Amber,North Carolina,84633,163.443545,-42.6128695
Misty Fisher,80,224 April Ridges,Kennethburgh,New York,70087,-55.167657,84.0413385
April Terrell,47,64441 Ross Well Suite 566,New Williammouth,Indiana,80351,48.202797,-48.5091595
Timothy Morris,27,88785 Bradshaw River Apt. 013,Goodwinside,Nevada,06436,99.102201,37.175543
Jessica King,57,390 Welch Rest,West Mary,California,98281,104.678357,0.0028595
Jordan Monroe,19,955 Lynn Via Suite 563,Burgesstown,Arkansas,46022,74.933592,-28.9603015
Austin Smith,21,7194 Donald Harbors,Lake Marissaberg,Maryland,80881,6.306290,-60.7125795
Andrew Thompson,60,40424 Martin Plaza,Lake Mark,Kentucky,68578,110.976439,-73.5558375
Patrick Castro,43,4170 Gardner Mills,Simmonsland,Oregon,35061,25.884162,-4.455819
Jessica Scott,80,4227 Robert Roads,South Kelly,Colorado,22240,55.183397,-53.3426805
Courtney Price,65,313 Moss Turnpike,West Meganburgh,Washington,21460,153.043925,28.3955335
Danielle Dennis,69,830 Howell Plains Apt. 419,South Angela,Iowa,99829,61.720948,-71.429013
Alexander Ibarra,38,00480 Collins Ridge,Lake Kenneth,Virginia,80589,-111.668319,88.728385
Barbara Ingram,30,87188 Zachary Flats Apt. 329,Port Travis,Florida,41405,6.720882,67.373147
Dr. Antonio Thornton,61,2632 Mason Alley Suite 564,South Karen,Washington,03646,10.272896,-35.6890755
Angela Baker,35,43874 Jennifer Camp,Youngtown,Utah,69653,75.641737,-38.978513
Jonathon Gomez,20,808 Jason Divide,New Amanda,Maine,74423,-33.407081,23.578010
April Thomas DVM,51,4543 Christina Overpass Suite 219,New Teresamouth,Utah,51558,88.149094,-84.340613
Joseph Stone,69,5901 Sharon Terrace Suite 009,Karentown,Ohio,04744,170.772215,59.0768735
Eric Hall,65,1696 Toni Path Suite 518,Williamsstad,Oklahoma,19618,-139.675395,60.783131
Matthew Boyd,77,09244 Anna Square,Smithfort,Maryland,49262,-77.273373,-50.336931
Luis Christian,74,31116 Edwards Groves,Port Aimeetown,Hawaii,75126,129.583144,-66.737731
Elizabeth Miles,55,5919 Cochran Plain Suite 925,Fishertown,Vermont,90130,34.808799,-9.912945
Susan Davidson,70,37520 Krueger Station Apt. 081,South Jeffrey,California,22183,76.009398,-43.0160645
Brenda Brown,52,3008 Velazquez Ferry Suite 687,Floresmouth,California,79094,-18.296229,-12.3448845
Margaret Donaldson,45,52415 Jason Oval Suite 932,East Laurenhaven,New Mexico,37978,-8.322628,36.408504
Isabel Wade,43,00370 Pena Viaduct Suite 690,West Linda,Maine,55981,100.395465,-32.566045
Tracy Hooper,51,127 Washington Lodge Suite 638,Port Laura,Alabama,94051,30.207490,-3.490251
Lori Haney,64,89666 Hernandez Rest,East Jeffreyburgh,Michigan,45444,50.447125,58.287159
Jillian Rowe,19,2118 Crystal Grove Suite 067,South Amytown,Iowa,68889,-109.253372,-36.8712735
Raven Lane,78,867 Jesse Tunnel Apt. 261,Robinborough,Virginia,10939,-161.967601,0.087899
Barbara Hernandez,66,19041 Robert Summit,Lake Stephanie,Hawaii,24911,23.737139,89.2364875
Lucas Roberts,54,7153 Stewart Hills Suite 435,East Brian,Georgia,68958,103.168061,22.492656
Casey Jordan,44,174 Natasha Village Apt. 590,New Richard,Rhode Island,75685,90.317408,-10.545859
Sarah Bates,22,90983 Steve Forges,Harrisport,Illinois,19615,50.636316,77.1202525
George Wilson,38,167 Edward Stravenue,Morrisonchester,Ohio,67053,70.025039,73.540845
Kimberly Palmer,28,836 Leslie Islands Suite 201,South Christopherberg,South Dakota,04331,-84.106093,-85.3450355
Patricia Davidson,73,660 Karen View Apt. 332,West Anthony,Montana,62617,93.768942,-44.582926
Christopher Lindsey,79,49995 Weeks Mill,Port Ashley,New Jersey,37304,-92.714432,-78.0136615
Barbara Hicks,22,5740 Silva Loop Suite 769,Bennettton,Virginia,08543,63.615539,5.4939005
Joann Arnold,20,0926 Jeremy Summit Apt. 310,Johnberg,Vermont,86187,51.791235,-85.7325505
Michael Wilson,68,59290 Allison Course Suite 019,South Maria,West Virginia,30534,-77.086780,-52.966223
Lydia Collins,24,11650 Jason Village Suite 726,East Xaviertown,Kansas,57421,-37.704547,-51.033067
Courtney Moore,36,0270 Chung Knolls Apt. 543,New Yvette,Louisiana,75528,-82.680134,-71.530873
Rodney Gonzales,52,6102 Woodard Streets,North Darrylport,Oregon,69013,6.036760,-28.014662
Lauren Vega,34,89040 Boyd Place,North Jillville,Minnesota,41586,87.604181,53.379465
David Carr,20,5842 Joseph Stravenue,New Jessica,Idaho,05846,159.721503,-45.9763225
Melissa Martin,42,7728 Charles Inlet Suite 471,Veronicaport,Maine,93197,10.855436,83.2839685
Ashley Cook,28,01284 Lori Wells,Lopezberg,Oregon,54425,9.091422,-59.449003
Ashley Sanchez,20,37091 Riley Crest,Briannastad,Hawaii,74705,-4.005518,-62.4668115
Gina Herman,20,398 Ashley Harbor,Lake Joshua,New York,75135,46.413480,-55.411430
Erika Gomez,75,1552 Thomas Shoal,East Dana,Connecticut,32125,-178.617732,19.891160
Mary Barry,62,453 Kevin Crossing Suite 621,East Anitaton,Nevada,24792,-133.593113,4.062348
Paul Martin,42,030 Denise Glens,Flowerschester,New York,50658,-126.243526,-57.9917865
Crystal Smith,41,99206 Phillips Dale Suite 215,Richardhaven,Mississippi,95073,135.611067,39.352004
Jade Bush,58,4067 Thompson Rue Apt. 708,Warnerport,Kansas,33622,173.395254,31.7441325
Jessica Perry,74,36438 Salazar Fords,North Lisa,Kansas,18960,-32.250311,-73.2759825
Jeffery Rhodes,26,96447 Hamilton Plains Suite 174,Shepardstad,Oregon,29189,132.677429,22.136863
Yvonne Weiss,61,450 Erica Vista,Princestad,Maryland,30931,-43.929845,-39.917756
James Hubbard,30,42978 Derrick Skyway,West Adamborough,Vermont,56663,167.656312,-45.1164725
Dustin Burke,67,79884 Howe Shoals,Port Linda,California,86394,-80.975619,-37.9505895
Lisa Rios,36,14505 Gregory Harbors Suite 363,Port Courtneyborough,New Mexico,81618,-61.690055,-33.2822305
Steven Garrison,59,982 Salazar Street Apt. 572,South Robertberg,Florida,23490,45.087901,68.4812005
Brandon Taylor,79,33953 Dickson Mountain Suite 934,Thomasstad,Pennsylvania,09088,-45.877957,-59.0558225
Chad Rubio,63,28822 Joseph Walks Apt. 603,New Deborahshire,Ohio,12315,150.389217,34.1065725
Christopher Ortega,28,97079 Stone Station,Brianmouth,Michigan,77672,-146.218585,40.042470
Steven Lynch,20,675 Stuart Brook Apt. 387,Port Bryanberg,Montana,60246,81.725954,56.890104
Taylor Simmons,61,843 Jonathan Square,Rodriguezstad,Idaho,66624,133.521120,12.7011555
Amber Brown,45,376 Mills Vista Apt. 544,North David,Missouri,91566,-94.204219,30.308464
Sheila Wilson,55,461 Michelle Green,Javierstad,Georgia,03955,67.735359,72.317401
Donald Weaver,66,076 Martha Meadow,Leetown,Tennessee,20960,42.880047,58.2300755
Sharon Cowan,35,685 Frank Springs,South Troy,Indiana,86005,-118.411210,-68.429858
Samuel Miller,49,83308 Hall Manor,Gabriellaburgh,Maryland,73262,71.521032,-33.701423
Jody Brown,68,31809 John Spurs Suite 151,Marystad,New Mexico,67352,34.446331,-11.5344345
Jonathan Owen DDS,22,37751 Dana Landing Suite 494,Allenville,Iowa,82971,83.522673,-58.8935355
Lauren Vazquez,78,80778 Miller Cape,South Paulborough,Mississippi,16226,-119.262351,45.4114745
Terry Williams,69,946 Maureen Wells,Moorefurt,Virginia,05510,74.454906,18.798206
Bethany Sandoval,24,6074 Johnson Knolls Apt. 003,Davidfort,Nebraska,88427,8.233242,-28.040142
Jeremy Contreras,60,0388 Nunez Fords,Hendersonfurt,Idaho,41010,169.855567,-38.0371945
Lisa Reynolds,61,10955 Cole Road Suite 820,Lake Angela,Maine,73021,-15.340220,-75.0352745
Karen Black,28,458 Nixon Circles,Port Brian,Kansas,19972,-16.422488,28.688517
Virginia Morgan,28,69320 Joshua Locks,Coryside,Utah,06658,-39.290343,51.2700075
Jenny Roberts,33,489 Samuel Burg Apt. 745,Heatherberg,Minnesota,13012,-22.592404,-89.1985725
Kimberly Morales,74,04399 Steven Unions,New Hollyborough,Wyoming,35678,-65.857381,34.460661
Erika Harris,19,154 Mark Cliff Suite 169,Lake Heatherburgh,Oregon,92981,-173.353114,-9.7852755
John Lopez,55,59123 Raymond Extension,South Robertton,Louisiana,83520,168.372076,51.2126655
Melissa Duncan,67,92179 Amanda Underpass,Port Brandy,New Mexico,53165,3.994613,11.742441
John Galvan,46,69991 Vaughan Throughway,North Richardshire,Oklahoma,41245,-17.494229,-4.070817
Karen Andrews,54,69469 Buckley Stravenue Suite 758,Nancyville,Arizona,77385,55.940004,-20.364373
Sara Arnold,32,378 William Ridges Suite 529,West Christopher,Maryland,32240,-36.232020,42.233220
Tracy Stone,75,148 Figueroa Union,South Claytonburgh,New Jersey,18992,140.091058,6.182512
Sarah Scott,52,116 Ryan Unions,Leslieville,West Virginia,37944,-47.165156,-85.6449435
Stacey Herrera,78,3672 Donna Unions,Collinsmouth,Iowa,61426,173.237088,-64.1303705
Rebecca Collins,46,50785 Steele Plaza,East Holly,West Virginia,46489,-124.606593,88.768476
Colleen Hardy,27,44175 Colton Mountains Apt. 455,East Sandraberg,Delaware,36369,25.189195,68.560916
Christopher Moran,39,523 Baird Extensions,Leonardhaven,Oregon,25167,68.523459,-4.776149
Ruth Cooper,74,1395 Smith Vista,North Miranda,Missouri,57166,57.796716,5.2349975
Taylor Chavez,33,59222 Robert Field,New Dennis,Illinois,01824,74.841431,-22.892829
Olivia Moore,41,35336 Amanda Crossing,Stephanieshire,New Hampshire,69789,-130.019236,-88.584220
Marcus Baker,52,636 Barker Causeway Suite 122,Port Coltonview,Pennsylvania,67269,168.214594,-49.757242
Blake White,74,786 Tanya Club Suite 190,Archerport,Florida,49526,-66.874120,-58.6796555
Amy Peterson,19,29742 Gray Light,Powellfort,Nebraska,70334,-65.112695,-37.592627
Daniel Alvarado,77,91892 Heather Drives Apt. 764,West Michael,South Dakota,88556,-111.449088,79.8192905
Cynthia Fitzgerald,29,78695 Martinez Mission,Jenkinston,Nevada,30894,123.090865,68.633281
Sarah Bradford,36,0353 Ronald Viaduct,Ronaldport,North Carolina,78890,-81.844931,-79.3353175
John Stout,18,666 John Bridge Suite 238,Benjaminbury,Oklahoma,47237,20.122823,56.047336
Colleen Chen,42,1955 Crane Underpass,East Christinabury,Oregon,15298,136.553162,-50.591055
Katherine Case,67,2598 Frank Row,Fryeberg,Vermont,26385,20.305364,87.839599
David Guzman PhD,62,380 Samuel Rest Suite 595,Huffmanfurt,New Hampshire,21077,178.009320,-52.9133945
Elizabeth Conley,31,60100 Jones Green,New Amanda,New York,20554,-127.148495,41.5139505
Anthony Scott,77,562 Jorge Isle Suite 087,North Michaelberg,Michigan,59397,136.955261,-54.667539
Anthony Smith,38,03724 Fox Prairie,Matthewberg,Colorado,42708,135.863435,-63.417478
Douglas Mendez,45,4585 Steven Mews Suite 281,Spencermouth,Kansas,79154,56.189425,-53.673250
Tina Diaz,32,898 Mccann Extension Apt. 221,Lake Marctown,Indiana,13083,-127.004955,38.2221625
Alicia Bauer,67,20005 Curtis Village Apt. 317,South Dana,California,31735,44.232234,89.714363
Jeffrey Brown,20,026 Crawford Tunnel,South Julie,Oregon,52515,-134.520311,28.228043
Ms. Karen Garcia,23,3752 Keller Islands Suite 993,Tamaramouth,Colorado,82022,66.518026,1.8094765
Kelly Sawyer,45,38017 Smith Harbor Apt. 337,Portershire,Alaska,79609,-13.287343,-15.9044615
Suzanne Hernandez,32,23740 Perkins Walk,Port Teresaport,North Dakota,85355,-10.379198,66.7236355
Meghan Mitchell,41,626 Obrien Key,Port Ashleymouth,Utah,32419,121.939154,5.4952785
Peter Jimenez,21,37344 Steve Course Suite 486,North Walter,Mississippi,70413,116.155780,9.5201705
Patricia Olsen,68,2876 Campbell Forks,New Theodore,Idaho,82386,-60.872184,29.537765
Catherine Trujillo,68,209 Ronald Motorway,Kirkburgh,California,73326,77.458226,64.432108
Andrew Thompson,72,2399 Nicole Street,Lake Melody,North Carolina,87212,-42.765108,8.954059
Jennifer Cooper,18,37669 Michael Forges,Port Jesse,Rhode Island,50035,69.767993,20.5087845
Linda Carr,64,919 Rosales Street,Morganbury,Connecticut,40179,-26.176336,32.9632215
Lisa Soto,79,1988 Russell Cape,West Benjamin,South Carolina,77153,-32.785553,-85.523906
Dawn Hale,69,78039 Anderson Freeway Suite 870,South Zacharyton,Wyoming,40144,-124.145857,-20.8886895
Sarah Munoz DDS,74,6596 Mccall Causeway,East James,Ohio,08052,68.500449,-74.409226
Katherine Perez,55,36539 Webb Island Suite 608,Lake Joseph,North Carolina,94544,-61.626379,38.083134
Natalie Ramirez,64,32105 Lindsay Parks Suite 631,West Karenville,Idaho,86843,9.010241,33.4949175
Michael Cox,40,14660 Stephanie Vista,Garnerberg,New Jersey,89221,111.464233,79.985841
Jessica Thomas,49,49035 Jessica Lodge Apt. 591,Angelachester,Nebraska,57482,81.050526,0.4164735
Brooke Beard,43,962 Fleming Brooks,Amandaville,Wyoming,99845,-82.413051,47.1971445
Kelly Horton,51,0770 Kyle Passage Apt. 552,Lake Johnstad,Wisconsin,40852,174.123393,26.492001
Lori Burnett,80,94737 Joseph Forks Apt. 951,Hollowayburgh,New York,48519,64.966642,33.071394
Brandy Mckenzie,30,6384 Foley Bridge Apt. 419,East Paige,Ohio,52505,60.477467,46.1089515
Jerome Green,63,55959 Jimenez Inlet Suite 311,Huffmanstad,Massachusetts,58820,-115.490320,23.221878
Blake Jacobs,71,902 Jennifer Fords,Markmouth,Utah,37135,-44.904570,79.058191
Cameron Price,39,7082 Matthew Place,Jamesfort,Oregon,20930,33.562005,-19.0971135
Savannah Walton,40,056 Ferguson Pine Apt. 225,South John,South Carolina,90788,130.339924,31.2497245
James Hernandez,46,3860 Norris Ports Suite 796,Matthewfurt,Tennessee,46081,165.967440,58.452032
Mitchell Garrett,18,57108 Pamela Passage,West Amyton,North Carolina,90370,125.210170,68.9952625
Diana Davenport,21,037 Zamora Gateway Apt. 762,Port Daniel,New York,26244,177.226906,-82.954423
Rachel Walker,41,535 Ralph Park,Jamesburgh,Texas,97156,-61.163783,62.593713
Corey Day,67,896 April Centers,Edwardborough,Delaware,32086,167.384591,33.5231525
Katie Johnson,70,30734 Joshua Springs,Carterfort,Hawaii,41932,-45.027780,65.9413415
Emily Smith,47,6989 Thomas Cove,East Meganview,New York,34853,-41.688728,20.099542
Brenda Roberts,49,2878 Desiree Manor Apt. 687,Gloriachester,Alabama,97685,-117.680654,28.8932515
Jamie Curry,63,31737 Mark Divide,South Linda,Vermont,01324,-14.673659,-47.363438
Ellen Rivera,36,1503 Odom Springs,Port Kelly,California,56544,-113.308533,41.6597405
Erik Foster,57,7578 Cruz Stravenue Suite 178,Port Matthew,Florida,11745,74.788242,-5.444102
Kathryn Silva,47,19458 Brennan Roads Suite 773,Thomasburgh,South Carolina,99537,49.779250,-17.936382
Angela James,33,2677 Lewis Road,East Larry,Pennsylvania,25318,-151.351883,-62.8764265
Misty Brown,79,1495 Curtis Shore Suite 853,Samanthastad,Montana,88238,-83.137174,27.032243
Devin Weber,68,4161 Barnes Isle,Ramosmouth,Rhode Island,91278,-151.156251,44.9507985
Donald Washington,39,462 Mark Mission,North Jeffery,Massachusetts,19469,159.373869,28.9662725
Brian Gonzalez,44,99358 Jackson Fork,Evanschester,Vermont,42920,-85.214808,25.582605
James Riley,46,8500 Mclaughlin Lake,Mariaview,Alabama,04495,178.091530,-74.212362
Steve Bush,19,036 Garcia Mountains Suite 436,Lake Joseview,South Carolina,71530,-149.902532,-28.3192635
Tracy Roberts,60,1673 Judy Meadows,Goodmanburgh,Vermont,44427,161.699774,15.520362
Anita Rodriguez,69,488 Charles Shores,Haleymouth,Colorado,35949,-88.928894,-81.0297235
Matthew Clayton,68,351 Davis Square,South Nicole,Maryland,59373,-63.845014,-67.089649
Dale Jones,52,28087 Brown Flats Suite 956,Steveberg,South Carolina,90131,7.805209,-89.6486285
Kathryn Gonzales,37,500 Jones Branch,New Don,Florida,13308,44.007852,-58.330857
Tara Weaver,72,60392 Megan Neck Suite 836,New Susan,Connecticut,37532,100.676489,-58.4955355
Perry Lane,78,05138 Rachel Mews,East Janiceshire,Delaware,46985,114.863017,82.3975575
Jennifer Hale DDS,33,957 Lin Squares Suite 092,Yolandashire,California,03920,-143.570422,-60.3960645
Tracy Reed,62,30191 Danny Inlet,Escobartown,Kansas,01617,-149.070579,-71.665611
Alicia Day,45,403 Brian Brook Suite 563,Markport,Maryland,82222,-22.206599,17.136237
George Howard,20,6424 Cody Ways,Jacksonville,North Dakota,72721,125.232580,60.269000
Christine Anderson,26,678 Waller Skyway,Lake Laura,Idaho,56100,146.725216,53.856835
Teresa Richardson,65,293 Owens Haven,Perezstad,Alaska,70805,-13.105757,7.8368285
Mr. John George MD,39,85869 Kenneth Ridges Suite 824,Burgessburgh,Wyoming,02353,-176.767336,-42.793919
Stephanie Potter,75,971 Cory Glens Suite 716,Port Rachel,Idaho,90202,70.643941,-50.613154
Anne Duke,24,91818 Kristi Forks Apt. 225,Mariamouth,Missouri,48942,126.472842,76.426216
Sheri Lewis,22,88099 Jose Heights,Scottside,Florida,55865,121.866912,-14.665411
Chelsea Cannon,22,717 Gonzales Island Apt. 254,Maryfort,Georgia,21396,136.465035,50.093705
Dr. Jill Thompson,78,3649 Patel Corners,South Jamietown,Oklahoma,38385,-93.894667,-80.036002
Karen Gibson,54,412 Wright Unions,Jesusfurt,Alaska,08985,68.322642,-87.5744685
Miranda Nelson,59,36506 Keith Divide Suite 607,New Rebekah,Ohio,41993,144.526374,29.6748905
Ronald Washington,26,42949 David Land,South Lisa,Kentucky,29288,46.605512,-38.6777205
Stanley Williams,66,33596 Rebecca Route Apt. 554,Sandrashire,Illinois,95409,60.954892,-64.4873555
Amber Thompson,31,75600 Obrien Glen,North Kristenland,Louisiana,70740,-139.221889,86.3115865
Loretta Myers,18,11888 Hernandez Turnpike,North Sara,Connecticut,77523,-153.358622,-22.0032175
Michael Cook,40,0583 Andrew Mission,Port Dominic,Minnesota,69786,100.545872,43.628424
Beth Cruz,38,93333 Ashley Mountains,Harveyberg,Tennessee,94131,-102.703264,88.4828375
Michael Harris,67,7791 Julian Junction Apt. 363,Juliebury,Florida,08595,-130.039972,67.2573345
Holly Velez,56,725 Bruce Springs,Danielland,Iowa,64839,76.526557,-39.5680425
Karen Taylor,50,0143 Callahan Well,Gutierrezborough,Vermont,24282,111.859329,-30.958933
Amy King,60,13599 Cheryl Gateway Apt. 473,West Melissabury,Iowa,98543,146.945869,72.292808
Chad Taylor,27,07966 Randall Knolls Suite 849,Vangbury,Mississippi,05955,-12.451361,11.094220
Emily Woodward,63,497 Rivas Underpass Apt. 228,East Jeremy,Alaska,39147,-179.400649,31.5852735
John Dalton,29,222 Yates Mill,Lake Josephville,Minnesota,26162,-98.178977,57.8139105
Lisa Ramos,21,016 French Loaf Suite 775,South Marcus,New York,11954,-113.459731,-0.672510
Rachel Johnson,29,538 Andrew Trafficway,Pattonchester,Tennessee,91679,-148.922236,-58.6529885
Susan Henry,53,290 Ayala Lake,Port Craig,Missouri,64167,-49.871907,59.827549
Sara Mason,55,0511 Jose Manor,Johnsonstad,Indiana,68209,28.377379,-46.506573
Jason Anderson,71,0831 Brittany Expressway Suite 543,East Monicaside,Connecticut,90599,53.485422,-2.0674775
Tom Cole,50,539 Mary Brooks Suite 560,Lake Monicaport,Texas,43702,5.336139,27.3779075
Jessica Barber,35,521 Delgado Spring,Port James,Pennsylvania,67700,-16.794188,-38.9990865
Jessica Gallegos,19,515 Powers Points,Rosefort,Connecticut,65691,-175.370460,68.1323695
Eric Cook,27,034 Roger Springs,Nguyenport,Georgia,90485,66.967514,-80.865607
Tara Barajas,57,310 Gregory Bridge,Joechester,Kentucky,08167,134.974241,9.6519795
Jason Grant,22,313 Thomas Lodge,Smithmouth,Ohio,20263,-178.892911,34.056709
Jared Robinson,43,24995 Goodman Ports Apt. 230,North Angela,Wyoming,41972,55.429253,-54.6007965
Edgar Brown,65,085 Young Throughway,East Lori,Utah,91757,-155.971368,-5.680590
Mr. Zachary Haynes IV,61,272 Morrison Trace,West Melinda,Georgia,80708,83.832976,-34.2294185
April Morgan,20,730 Davis Rapids Apt. 152,Mcculloughburgh,Tennessee,19794,-59.020714,28.578182
James Reid,32,7354 Taylor Curve,Johnborough,Washington,98534,115.512692,-56.858703
Lisa Jacobs,56,97438 Peters Mills,South Randymouth,West Virginia,65377,152.877282,-45.1486125
Sean Murphy,20,86498 Derek Prairie,Martinberg,West Virginia,92909,-18.012814,63.981289
Dr. Heather Johnston,22,1975 Kristine Street Apt. 034,Greenbury,South Carolina,64369,8.261758,-55.7024955
Susan Smith,39,96871 Howard Wall,Wellsfurt,Tennessee,03639,91.907365,-69.645062
Kelly Watkins,79,72953 Paul Estate Suite 164,South Michele,Louisiana,29954,-21.090716,-9.8600055
Matthew Mendoza,78,186 Howard Summit Apt. 920,Franklinstad,New Hampshire,62481,-12.424636,-55.722315
Elizabeth Osborne,21,229 Frank View,Dustinside,South Carolina,53011,58.841330,19.5766215
Zachary Robinson,38,1807 Price Trace,Amandaland,Kansas,94748,90.969947,30.197898
Gregory Mason,48,431 Rivera Cove,New Jefferyfurt,Colorado,58820,151.779702,-11.800904
Joseph Glover,56,9360 Roberts Stream,North Erinmouth,Washington,66033,26.881802,-46.520947
Elizabeth Tran,68,10432 Evans Underpass Apt. 201,New Brettburgh,Louisiana,29947,105.030168,53.781963
Angela Gonzalez,65,615 Schmidt Valleys,Lake Williamchester,Delaware,09021,52.993854,-57.422271
Tyrone Orr,62,428 David Radial,Brownport,Maryland,68901,66.898639,-80.1223385
Jenny Simpson,36,3478 Melissa Center,Lake Ryanmouth,Virginia,04256,85.595611,-78.1750485
Mr. David Brown,57,306 Donna Streets,West Haileyfort,Mississippi,10026,-27.261541,36.851462
Tony Walker,62,47954 Martinez Brooks Suite 115,Timothyside,Texas,98596,46.449304,-9.938403
Patrick Ramirez,72,94795 Heather Union Apt. 773,New Jamesview,Indiana,42208,-130.684933,14.4131535
Alejandra Phillips,56,6932 Fox Field,Mariabury,Alabama,97630,143.126443,-57.163974
Kathryn Edwards,28,310 Susan Pine,West Toniside,Georgia,15776,146.254149,-88.4656655
Michael Green,78,13104 Padilla Rapid Suite 124,New Nicole,Oklahoma,69543,57.008545,77.9535935
Christopher Graham,47,4315 Yvette Burg Suite 175,West Mary,Maryland,93495,10.912357,30.6873785
Susan Rojas,43,69519 Connie River Suite 877,Andrewside,Pennsylvania,63331,-140.132057,89.1261815
Valerie Watkins,45,72059 Barton Viaduct Apt. 254,Pierceton,Wisconsin,22883,69.132618,-89.1314535
Timothy Thomas,18,78827 Deanna Plaza,Leeton,Indiana,16953,86.419257,-27.5680355
Edward Skinner,28,33573 John Alley Apt. 825,Lake Kimberlyborough,Nevada,40165,157.146489,13.7174975
Gina Villa,51,289 Jones Loop Apt. 575,Carlymouth,New Hampshire,55939,-172.379230,-78.7435035
Mr. Willie Madden,35,058 Miller Islands,Amandafurt,Connecticut,34638,124.518830,25.327800
Benjamin Patton,54,81545 April Roads Apt. 080,Webermouth,Kansas,27838,136.668290,-19.138685
Douglas Walker,50,122 Paul Drives Suite 073,North Peter,Texas,32150,-172.170661,-54.934163
Bryan Burns,61,180 Megan Island,Lake Evelynmouth,Mississippi,72018,125.344633,1.767180
Kimberly White,32,188 Mary Circle Suite 761,Lindseyville,Illinois,02422,95.267172,-31.6807555
Alfred Bryan,64,3889 Perez Isle Apt. 673,Christianland,Ohio,68604,95.027305,-59.5095215
Ashley Crawford,66,95714 Patrick Heights Apt. 164,Torresbury,Wisconsin,69781,-38.734637,79.948053
Dana Nash,29,0338 Evelyn Center,Charlesside,Florida,87443,-16.474684,-36.730124
Sandra Rose,62,030 Hogan Ford Apt. 317,Port Scott,North Carolina,06747,1.123990,-80.129242
Karen Caldwell,27,48895 Whitehead Unions,Ramoston,Missouri,20772,13.572767,77.6016885
Michael Dean,57,48635 Christopher Crossroad,North Sara,Vermont,02013,149.049199,-58.411094
Jennifer Guerra,50,0431 Holloway Cliff Suite 432,East Jeffrey,Alaska,22915,11.186086,-2.875088
Penny Thompson,22,5473 Jeffrey Orchard Suite 814,Port Nicolehaven,Wyoming,05653,179.202211,-45.4050835
Barbara Rollins,56,77791 Kevin Trace Apt. 871,Wayneside,North Carolina,97095,97.366680,1.6983225
Zachary Reed,46,8792 Jorge Expressway Suite 280,Woodsburgh,Michigan,43139,-30.648628,83.1304435
Brandon Guerrero,19,0775 Doyle Shoal,West Eric,Indiana,04229,-83.704413,89.598639
Robert Jones,44,62338 Benjamin Stream Apt. 559,East Sara,Illinois,45978,-27.022216,-5.7561575
Denise Allen,61,1452 Chelsea Harbors Suite 650,West Melissa,Florida,21022,-27.417517,-80.6257125
Barbara White,64,533 Nelson Drives,Port Jeffrey,Alabama,82820,25.252588,64.3851725
Debra Nelson,20,21523 Oneal Extensions Suite 893,North Stevenburgh,Utah,08656,-4.863308,-82.2986295
Dr. Nicole Smith,27,3151 Peterson Mountain,New Jamesberg,Arizona,57568,125.247698,-42.0078985
Matthew Long,33,0627 Amber Forge Apt. 608,New Nicholeview,Georgia,66334,139.841454,20.0819655
Jimmy Gutierrez,56,8406 Valerie Ports,South Danielle,Missouri,27396,146.930509,-17.5848895
Wendy Hernandez,79,90849 Rios Heights Apt. 828,West Emmatown,Nevada,57259,-132.106804,6.6639405
Lauren Carson,58,627 Kelly Estates,West Kimberlyville,Kentucky,91524,-24.654529,-46.781107
Thomas Morales,47,20651 Hicks Trail Suite 285,Katherinestad,Florida,38973,78.346371,23.270547
Paul Thompson,51,83146 Kimberly Throughway Suite 277,Sandersmouth,Oklahoma,83702,-100.102451,-41.222355
Jon Alexander,27,535 Black Glens,New Amanda,Illinois,78227,102.125094,-7.3776625
John Smith,47,608 Angela Key Apt. 281,West Haleyside,Utah,95913,168.749823,-5.8673065
Jennifer Clayton,41,739 Adams Brooks,Wellsmouth,New Hampshire,46840,-79.913365,-58.178156
Rachel Johnson,47,476 Washington Cove Apt. 614,Williamborough,Massachusetts,14197,49.053975,70.786349
Susan Wiley,22,1664 David Locks,Kimberlyshire,Maryland,65573,66.530562,19.937700
Michelle Jones,21,779 Martinez Village,Michaelmouth,Massachusetts,81979,-115.404766,-85.116752
Joe Collins,27,037 Travis Motorway,Michaelshire,Nebraska,52903,109.508850,45.8655245
Wendy Yates,51,80087 Flores Throughway Apt. 434,Whitechester,Florida,69970,144.670661,-15.4027825
Mary Rodriguez,20,6032 Katherine Springs Apt. 109,Dawnstad,Georgia,61211,122.205388,52.6446065
Ryan Jackson,71,7234 Stewart Stream Apt. 594,Spencershire,Maine,19448,-168.687650,2.9573285
James Brandt,60,39541 Jocelyn Corners Apt. 621,Hillmouth,Florida,93252,47.325524,23.5167455
